PERMNO,date,NCUSIP,TICKER,COMNAM,TSYMBOL,PERMCO,CUSIP,PRC,vwretx,ewretx,sprtrn
83435,20150102,98433210,YHOO,YAHOO INC,YHOO,14521,98433210,50.17,-0.00038,0.00143,-0.00034
83435,20150105,98433210,YHOO,YAHOO INC,YHOO,14521,98433210,49.13,-0.018346,-0.01263,-0.018278
83435,20150106,98433210,YHOO,YAHOO INC,YHOO,14521,98433210,49.21,-0.009664,-0.010179,-0.008893
83435,20150107,98433210,YHOO,YAHOO INC,YHOO,14521,98433210,48.59,0.010917,0.007985,0.01163
83435,20150108,98433210,YHOO,YAHOO INC,YHOO,14521,98433210,50.23,0.016847,0.013032,0.017888
83435,20150109,98433210,YHOO,YAHOO INC,YHOO,14521,98433210,49.72,-0.007555,-0.004124,-0.008404
83435,20150112,98433210,YHOO,YAHOO INC,YHOO,14521,98433210,48.8,-0.007788,-0.004697,-0.008094
83435,20150113,98433210,YHOO,YAHOO INC,YHOO,14521,98433210,48.3,-0.002386,-0.002701,-0.002579
83435,20150114,98433210,YHOO,YAHOO INC,YHOO,14521,98433210,47.51,-0.005241,-0.00393,-0.005813
83435,20150115,98433210,YHOO,YAHOO INC,YHOO,14521,98433210,46.23,-0.009221,-0.010606,-0.009248
83435,20150116,98433210,YHOO,YAHOO INC,YHOO,14521,98433210,46.47,0.013835,0.012351,0.013424
83435,20150120,98433210,YHOO,YAHOO INC,YHOO,14521,98433210,47.63,0.000235,-0.003479,0.00155
83435,20150121,98433210,YHOO,YAHOO INC,YHOO,14521,98433210,48.18,0.004439,0.000928,0.004732
83435,20150122,98433210,YHOO,YAHOO INC,YHOO,14521,98433210,48.89,0.014677,0.010946,0.01527
83435,20150123,98433210,YHOO,YAHOO INC,YHOO,14521,98433210,48.95,-0.0042,-0.002666,-0.005492
83435,20150126,98433210,YHOO,YAHOO INC,YHOO,14521,98433210,49.44,0.004393,0.007365,0.002568
83435,20150127,98433210,YHOO,YAHOO INC,YHOO,14521,98433210,47.99,-0.010027,-0.001501,-0.013388
83435,20150128,98433210,YHOO,YAHOO INC,YHOO,14521,98433210,46.46,-0.01424,-0.012793,-0.013496
83435,20150129,98433210,YHOO,YAHOO INC,YHOO,14521,98433210,43.73,0.008378,0.006127,0.009535
83435,20150130,98433210,YHOO,YAHOO INC,YHOO,14521,98433210,43.99,-0.012212,-0.009685,-0.012992
83435,20150202,98433210,YHOO,YAHOO INC,YHOO,14521,98433210,44.685,0.012194,0.008706,0.012962
83435,20150203,98433210,YHOO,YAHOO INC,YHOO,14521,98433210,44.7,0.014991,0.015399,0.014439
83435,20150204,98433210,YHOO,YAHOO INC,YHOO,14521,98433210,44.045,-0.004703,-0.004626,-0.004156
83435,20150205,98433210,YHOO,YAHOO INC,YHOO,14521,98433210,43.545,0.011247,0.011554,0.010291
83435,20150206,98433210,YHOO,YAHOO INC,YHOO,14521,98433210,42.94,-0.003779,-0.002918,-0.003418
83435,20150209,98433210,YHOO,YAHOO INC,YHOO,14521,98433210,42.57,-0.004132,-0.002002,-0.004247
83435,20150210,98433210,YHOO,YAHOO INC,YHOO,14521,98433210,43.07,0.008578,0.002193,0.010676
83435,20150211,98433210,YHOO,YAHOO INC,YHOO,14521,98433210,42.96,-0.000654,-0.001596,-0.000029
83435,20150212,98433210,YHOO,YAHOO INC,YHOO,14521,98433210,43.925,0.010247,0.009818,0.009645
83435,20150213,98433210,YHOO,YAHOO INC,YHOO,14521,98433210,44.42,0.004672,0.007094,0.004075
83435,20150217,98433210,YHOO,YAHOO INC,YHOO,14521,98433210,43.53,0.001634,0.002105,0.001598
83435,20150218,98433210,YHOO,YAHOO INC,YHOO,14521,98433210,43.65,0.00005,0.002041,-0.000314
83435,20150219,98433210,YHOO,YAHOO INC,YHOO,14521,98433210,44.37,-0.001167,0.000386,-0.001062
83435,20150220,98433210,YHOO,YAHOO INC,YHOO,14521,98433210,44.11,0.005628,0.001785,0.006126
83435,20150223,98433210,YHOO,YAHOO INC,YHOO,14521,98433210,43.53,-0.00067,-0.002226,-0.000303
83435,20150224,98433210,YHOO,YAHOO INC,YHOO,14521,98433210,43.38,0.002281,0.003286,0.002759
83435,20150225,98433210,YHOO,YAHOO INC,YHOO,14521,98433210,44.43,0.000531,0.003202,-0.000766
83435,20150226,98433210,YHOO,YAHOO INC,YHOO,14521,98433210,44.45,-0.001679,-0.000317,-0.001476
83435,20150227,98433210,YHOO,YAHOO INC,YHOO,14521,98433210,44.28,-0.002625,-0.001439,-0.002956
83435,20150302,98433210,YHOO,YAHOO INC,YHOO,14521,98433210,44.11,0.005409,0.003374,0.006125
83435,20150303,98433210,YHOO,YAHOO INC,YHOO,14521,98433210,42.62,-0.004068,-0.00318,-0.004539
83435,20150304,98433210,YHOO,YAHOO INC,YHOO,14521,98433210,43.99,-0.003927,-0.002696,-0.004389
83435,20150305,98433210,YHOO,YAHOO INC,YHOO,14521,98433210,44.16,0.001579,0.002376,0.001196
83435,20150306,98433210,YHOO,YAHOO INC,YHOO,14521,98433210,43.44,-0.013959,-0.010932,-0.014174
83435,20150309,98433210,YHOO,YAHOO INC,YHOO,14521,98433210,42.98,0.002772,-0.0009,0.003944
83435,20150310,98433210,YHOO,YAHOO INC,YHOO,14521,98433210,42.675,-0.015587,-0.01239,-0.016961
83435,20150311,98433210,YHOO,YAHOO INC,YHOO,14521,98433210,42.5,-0.000403,0.001807,-0.001918
83435,20150312,98433210,YHOO,YAHOO INC,YHOO,14521,98433210,42.95,0.011776,0.009437,0.012601
83435,20150313,98433210,YHOO,YAHOO INC,YHOO,14521,98433210,42.87,-0.005558,-0.004583,-0.006075
83435,20150316,98433210,YHOO,YAHOO INC,YHOO,14521,98433210,43.51,0.011749,0.002402,0.013534
83435,20150317,98433210,YHOO,YAHOO INC,YHOO,14521,98433210,43.785,-0.001758,0.000766,-0.00332
83435,20150318,98433210,YHOO,YAHOO INC,YHOO,14521,98433210,44.67,0.012038,0.010125,0.012158
83435,20150319,98433210,YHOO,YAHOO INC,YHOO,14521,98433210,44.98,-0.004573,-0.001138,-0.004873
83435,20150320,98433210,YHOO,YAHOO INC,YHOO,14521,98433210,45.035,0.009307,0.007052,0.009013
83435,20150323,98433210,YHOO,YAHOO INC,YHOO,14521,98433210,44.715,-0.001002,0.003323,-0.001746
83435,20150324,98433210,YHOO,YAHOO INC,YHOO,14521,98433210,44.42,-0.004631,0.000171,-0.006139
83435,20150325,98433210,YHOO,YAHOO INC,YHOO,14521,98433210,44.2,-0.014837,-0.013218,-0.014559
83435,20150326,98433210,YHOO,YAHOO INC,YHOO,14521,98433210,44.47,-0.002272,-0.002252,-0.002377
83435,20150327,98433210,YHOO,YAHOO INC,YHOO,14521,98433210,45.1,0.002235,0.002006,0.002369
83435,20150330,98433210,YHOO,YAHOO INC,YHOO,14521,98433210,44.95,0.011449,0.006737,0.012237
83435,20150331,98433210,YHOO,YAHOO INC,YHOO,14521,98433210,44.435,-0.007199,-0.003586,-0.008796
83435,20150401,98433210,YHOO,YAHOO INC,YHOO,14521,98433210,44.13,-0.002799,0.000871,-0.003965
83435,20150402,98433210,YHOO,YAHOO INC,YHOO,14521,98433210,44.15,0.003928,0.004673,0.00353
83435,20150406,98433210,YHOO,YAHOO INC,YHOO,14521,98433210,43.67,0.006567,0.006025,0.006609
83435,20150407,98433210,YHOO,YAHOO INC,YHOO,14521,98433210,43.61,-0.002159,0.000104,-0.002062
83435,20150408,98433210,YHOO,YAHOO INC,YHOO,14521,98433210,45.17,0.003343,0.004482,0.002683
83435,20150409,98433210,YHOO,YAHOO INC,YHOO,14521,98433210,45.63,0.003333,0.00124,0.004457
83435,20150410,98433210,YHOO,YAHOO INC,YHOO,14521,98433210,45.18,0.004601,0.003474,0.005203
83435,20150413,98433210,YHOO,YAHOO INC,YHOO,14521,98433210,44.77,-0.003815,-0.000543,-0.004581
83435,20150414,98433210,YHOO,YAHOO INC,YHOO,14521,98433210,45.525,0.001868,0.00308,0.00163
83435,20150415,98433210,YHOO,YAHOO INC,YHOO,14521,98433210,45.73,0.006168,0.007964,0.005148
83435,20150416,98433210,YHOO,YAHOO INC,YHOO,14521,98433210,45.78,-0.000435,0.000378,-0.000778
83435,20150417,98433210,YHOO,YAHOO INC,YHOO,14521,98433210,44.45,-0.011312,-0.010519,-0.011311
83435,20150420,98433210,YHOO,YAHOO INC,YHOO,14521,98433210,44.655,0.008056,0.005586,0.009235
83435,20150421,98433210,YHOO,YAHOO INC,YHOO,14521,98433210,44.49,-0.00105,-0.000296,-0.001481
83435,20150422,98433210,YHOO,YAHOO INC,YHOO,14521,98433210,43.975,0.004089,0.001907,0.005088
83435,20150423,98433210,YHOO,YAHOO INC,YHOO,14521,98433210,43.695,0.003465,0.005461,0.002358
83435,20150424,98433210,YHOO,YAHOO INC,YHOO,14521,98433210,44.52,0.001156,-0.000637,0.002253
83435,20150427,98433210,YHOO,YAHOO INC,YHOO,14521,98433210,44.36,-0.0048,-0.006125,-0.004141
83435,20150428,98433210,YHOO,YAHOO INC,YHOO,14521,98433210,44.34,0.002342,0.002909,0.002769
83435,20150429,98433210,YHOO,YAHOO INC,YHOO,14521,98433210,43.28,-0.004012,-0.005033,-0.00374
83435,20150430,98433210,YHOO,YAHOO INC,YHOO,14521,98433210,42.565,-0.010785,-0.011784,-0.010129
83435,20150501,98433210,YHOO,YAHOO INC,YHOO,14521,98433210,42.51,0.009255,0.004649,0.010923
83435,20150504,98433210,YHOO,YAHOO INC,YHOO,14521,98433210,42.04,0.002963,0.003444,0.002941
83435,20150505,98433210,YHOO,YAHOO INC,YHOO,14521,98433210,41.3,-0.011647,-0.009871,-0.011837
83435,20150506,98433210,YHOO,YAHOO INC,YHOO,14521,98433210,41.66,-0.003676,-0.002557,-0.004456
83435,20150507,98433210,YHOO,YAHOO INC,YHOO,14521,98433210,43.87,0.003143,0.000593,0.003774
83435,20150508,98433210,YHOO,YAHOO INC,YHOO,14521,98433210,44.09,0.01207,0.008189,0.013458
83435,20150511,98433210,YHOO,YAHOO INC,YHOO,14521,98433210,43.6,-0.004175,-0.000986,-0.00509
83435,20150512,98433210,YHOO,YAHOO INC,YHOO,14521,98433210,43.84,-0.00229,-0.001314,-0.00295
83435,20150513,98433210,YHOO,YAHOO INC,YHOO,14521,98433210,44.395,-0.000025,0.000742,-0.000305
83435,20150514,98433210,YHOO,YAHOO INC,YHOO,14521,98433210,44.95,0.00963,0.006227,0.010779
83435,20150515,98433210,YHOO,YAHOO INC,YHOO,14521,98433210,44.75,0.000975,0.001759,0.000768
83435,20150518,98433210,YHOO,YAHOO INC,YHOO,14521,98433210,44.36,0.003286,0.003103,0.003048
83435,20150519,98433210,YHOO,YAHOO INC,YHOO,14521,98433210,40.98,-0.001501,-0.003925,-0.000643
83435,20150520,98433210,YHOO,YAHOO INC,YHOO,14521,98433210,42.79,-0.000415,0.001219,-0.000931
83435,20150521,98433210,YHOO,YAHOO INC,YHOO,14521,98433210,43.675,0.002379,0.000829,0.002338
83435,20150522,98433210,YHOO,YAHOO INC,YHOO,14521,98433210,43.485,-0.002264,-0.001828,-0.002234
83435,20150526,98433210,YHOO,YAHOO INC,YHOO,14521,98433210,42.85,-0.010484,-0.009358,-0.010282
83435,20150527,98433210,YHOO,YAHOO INC,YHOO,14521,98433210,43.38,0.008495,0.006105,0.009163
83435,20150528,98433210,YHOO,YAHOO INC,YHOO,14521,98433210,43.07,-0.001344,-0.001138,-0.001267
83435,20150529,98433210,YHOO,YAHOO INC,YHOO,14521,98433210,42.935,-0.005834,-0.002798,-0.006318
83435,20150601,98433210,YHOO,YAHOO INC,YHOO,14521,98433210,43.35,0.001439,0.000207,0.002059
83435,20150602,98433210,YHOO,YAHOO INC,YHOO,14521,98433210,43.15,0.000332,0.004322,-0.001009
83435,20150603,98433210,YHOO,YAHOO INC,YHOO,14521,98433210,43.21,0.002504,0.004433,0.002119
83435,20150604,98433210,YHOO,YAHOO INC,YHOO,14521,98433210,42.88,-0.008911,-0.00746,-0.008623
83435,20150605,98433210,YHOO,YAHOO INC,YHOO,14521,98433210,42.81,-0.000056,0.002851,-0.001436
83435,20150608,98433210,YHOO,YAHOO INC,YHOO,14521,98433210,42.01,-0.006666,-0.003787,-0.006474
83435,20150609,98433210,YHOO,YAHOO INC,YHOO,14521,98433210,41.63,-0.000065,-0.002574,0.000418
83435,20150610,98433210,YHOO,YAHOO INC,YHOO,14521,98433210,42.06,0.011463,0.009125,0.012042
83435,20150611,98433210,YHOO,YAHOO INC,YHOO,14521,98433210,40.935,0.001611,0.000628,0.001739
83435,20150612,98433210,YHOO,YAHOO INC,YHOO,14521,98433210,40.525,-0.006245,-0.002061,-0.006994
83435,20150615,98433210,YHOO,YAHOO INC,YHOO,14521,98433210,40.47,-0.004065,-0.002226,-0.004622
83435,20150616,98433210,YHOO,YAHOO INC,YHOO,14521,98433210,40.635,0.004935,0.002354,0.00569
83435,20150617,98433210,YHOO,YAHOO INC,YHOO,14521,98433210,40.96,0.001699,0.000337,0.00198
83435,20150618,98433210,YHOO,YAHOO INC,YHOO,14521,98433210,40.91,0.009178,0.006271,0.009903
83435,20150619,98433210,YHOO,YAHOO INC,YHOO,14521,98433210,40.51,-0.004945,-0.00339,-0.005304
83435,20150622,98433210,YHOO,YAHOO INC,YHOO,14521,98433210,40.73,0.005811,0.004922,0.006095
83435,20150623,98433210,YHOO,YAHOO INC,YHOO,14521,98433210,40.65,0.00123,0.002597,0.000636
83435,20150624,98433210,YHOO,YAHOO INC,YHOO,14521,98433210,40.94,-0.007516,-0.006784,-0.007353
83435,20150625,98433210,YHOO,YAHOO INC,YHOO,14521,98433210,41.065,-0.002799,-0.002999,-0.002974
83435,20150626,98433210,YHOO,YAHOO INC,YHOO,14521,98433210,40.06,-0.00112,-0.004508,-0.00039
83435,20150629,98433210,YHOO,YAHOO INC,YHOO,14521,98433210,38.91,-0.02159,-0.020756,-0.020866
83435,20150630,98433210,YHOO,YAHOO INC,YHOO,14521,98433210,39.29,0.002924,0.003973,0.002658
83435,20150701,98433210,YHOO,YAHOO INC,YHOO,14521,98433210,39.33,0.005289,-0.000296,0.006936
83435,20150702,98433210,YHOO,YAHOO INC,YHOO,14521,98433210,39.38,-0.00061,-0.002143,-0.000308
83435,20150706,98433210,YHOO,YAHOO INC,YHOO,14521,98433210,38.61,-0.004539,-0.006938,-0.003862
83435,20150707,98433210,YHOO,YAHOO INC,YHOO,14521,98433210,38.23,0.004958,-0.002207,0.006081
83435,20150708,98433210,YHOO,YAHOO INC,YHOO,14521,98433210,37.23,-0.016723,-0.01679,-0.016653
83435,20150709,98433210,YHOO,YAHOO INC,YHOO,14521,98433210,37.61,0.002728,0.006727,0.002262
83435,20150710,98433210,YHOO,YAHOO INC,YHOO,14521,98433210,37.92,0.01268,0.011909,0.012338
83435,20150713,98433210,YHOO,YAHOO INC,YHOO,14521,98433210,38.76,0.010166,0.007712,0.011066
83435,20150714,98433210,YHOO,YAHOO INC,YHOO,14521,98433210,38.63,0.004712,0.00453,0.004453
83435,20150715,98433210,YHOO,YAHOO INC,YHOO,14521,98433210,38.38,-0.002505,-0.006674,-0.000735
83435,20150716,98433210,YHOO,YAHOO INC,YHOO,14521,98433210,38.91,0.006948,0.004294,0.008015
83435,20150717,98433210,YHOO,YAHOO INC,YHOO,14521,98433210,39.68,-0.000626,-0.004252,0.001106
83435,20150720,98433210,YHOO,YAHOO INC,YHOO,14521,98433210,39.54,-0.001237,-0.009289,0.000771
83435,20150721,98433210,YHOO,YAHOO INC,YHOO,14521,98433210,39.73,-0.004094,-0.001794,-0.004262
83435,20150722,98433210,YHOO,YAHOO INC,YHOO,14521,98433210,39.24,-0.00246,-0.003146,-0.002388
83435,20150723,98433210,YHOO,YAHOO INC,YHOO,14521,98433210,39.21,-0.005549,-0.006078,-0.005676
83435,20150724,98433210,YHOO,YAHOO INC,YHOO,14521,98433210,38.85,-0.010031,-0.010396,-0.010703
83435,20150727,98433210,YHOO,YAHOO INC,YHOO,14521,98433210,37.835,-0.007092,-0.009794,-0.005775
83435,20150728,98433210,YHOO,YAHOO INC,YHOO,14521,98433210,37.72,0.012253,0.007961,0.012386
83435,20150729,98433210,YHOO,YAHOO INC,YHOO,14521,98433210,37.67,0.007411,0.006542,0.007319
83435,20150730,98433210,YHOO,YAHOO INC,YHOO,14521,98433210,37.42,0.000673,-0.000665,0.000028
83435,20150731,98433210,YHOO,YAHOO INC,YHOO,14521,98433210,36.67,-0.00079,0.002532,-0.002272
83435,20150803,98433210,YHOO,YAHOO INC,YHOO,14521,98433210,36.69,-0.003718,-0.006971,-0.002757
83435,20150804,98433210,YHOO,YAHOO INC,YHOO,14521,98433210,37.12,-0.001799,-0.001049,-0.00225
83435,20150805,98433210,YHOO,YAHOO INC,YHOO,14521,98433210,37.25,0.00223,-0.000571,0.003115
83435,20150806,98433210,YHOO,YAHOO INC,YHOO,14521,98433210,36.46,-0.008065,-0.006214,-0.007753
83435,20150807,98433210,YHOO,YAHOO INC,YHOO,14521,98433210,36.67,-0.003321,-0.004526,-0.002875
83435,20150810,98433210,YHOO,YAHOO INC,YHOO,14521,98433210,37.15,0.013121,0.012856,0.012808
83435,20150811,98433210,YHOO,YAHOO INC,YHOO,14521,98433210,36.03,-0.009405,-0.008397,-0.009557
83435,20150812,98433210,YHOO,YAHOO INC,YHOO,14521,98433210,34.49,0.000492,0.000912,0.00095
83435,20150813,98433210,YHOO,YAHOO INC,YHOO,14521,98433210,35.93,-0.00219,-0.003648,-0.001275
83435,20150814,98433210,YHOO,YAHOO INC,YHOO,14521,98433210,36.24,0.003764,0.002639,0.003912
83435,20150817,98433210,YHOO,YAHOO INC,YHOO,14521,98433210,36.095,0.005605,0.003735,0.005211
83435,20150818,98433210,YHOO,YAHOO INC,YHOO,14521,98433210,35.69,-0.003645,-0.005783,-0.002626
83435,20150819,98433210,YHOO,YAHOO INC,YHOO,14521,98433210,35.19,-0.008877,-0.008047,-0.008255
83435,20150820,98433210,YHOO,YAHOO INC,YHOO,14521,98433210,34.1,-0.021689,-0.018848,-0.0211
83435,20150821,98433210,YHOO,YAHOO INC,YHOO,14521,98433210,32.93,-0.028165,-0.015868,-0.031851
83435,20150824,98433210,YHOO,YAHOO INC,YHOO,14521,98433210,31.31,-0.03863,-0.035166,-0.039414
83435,20150825,98433210,YHOO,YAHOO INC,YHOO,14521,98433210,31.74,-0.010314,-0.000306,-0.013522
83435,20150826,98433210,YHOO,YAHOO INC,YHOO,14521,98433210,32.52,0.033754,0.015939,0.039034
83435,20150827,98433210,YHOO,YAHOO INC,YHOO,14521,98433210,33.69,0.024294,0.023306,0.024298
83435,20150828,98433210,YHOO,YAHOO INC,YHOO,14521,98433210,33.14,0.00244,0.009536,0.000609
83435,20150831,98433210,YHOO,YAHOO INC,YHOO,14521,98433210,32.24,-0.007342,0.001189,-0.008392
83435,20150901,98433210,YHOO,YAHOO INC,YHOO,14521,98433210,31.6,-0.028258,-0.020412,-0.029576
83435,20150902,98433210,YHOO,YAHOO INC,YHOO,14521,98433210,31.77,0.016231,0.008574,0.018293
83435,20150903,98433210,YHOO,YAHOO INC,YHOO,14521,98433210,32.54,0.001804,0.00202,0.001165
83435,20150904,98433210,YHOO,YAHOO INC,YHOO,14521,98433210,31.58,-0.013829,-0.007398,-0.01533
83435,20150908,98433210,YHOO,YAHOO INC,YHOO,14521,98433210,30.9,0.023597,0.015895,0.025083
83435,20150909,98433210,YHOO,YAHOO INC,YHOO,14521,98433210,31.52,-0.012882,-0.008107,-0.013898
83435,20150910,98433210,YHOO,YAHOO INC,YHOO,14521,98433210,31.15,0.00433,0.002607,0.005278
83435,20150911,98433210,YHOO,YAHOO INC,YHOO,14521,98433210,31.43,0.00313,0.000042,0.004487
83435,20150914,98433210,YHOO,YAHOO INC,YHOO,14521,98433210,30.32,-0.004284,-0.004846,-0.00409
83435,20150915,98433210,YHOO,YAHOO INC,YHOO,14521,98433210,31.04,0.011428,0.00714,0.012831
83435,20150916,98433210,YHOO,YAHOO INC,YHOO,14521,98433210,31.4,0.009495,0.010068,0.008705
83435,20150917,98433210,YHOO,YAHOO INC,YHOO,14521,98433210,30.93,-0.000815,0.003861,-0.002561
83435,20150918,98433210,YHOO,YAHOO INC,YHOO,14521,98433210,30.74,-0.015479,-0.005477,-0.016164
83435,20150921,98433210,YHOO,YAHOO INC,YHOO,14521,98433210,31.17,0.003245,-0.00294,0.004566
83435,20150922,98433210,YHOO,YAHOO INC,YHOO,14521,98433210,30.4,-0.013658,-0.013963,-0.012318
83435,20150923,98433210,YHOO,YAHOO INC,YHOO,14521,98433210,29.74,-0.003593,-0.005953,-0.002049
83435,20150924,98433210,YHOO,YAHOO INC,YHOO,14521,98433210,29.34,-0.003719,-0.002105,-0.003363
83435,20150925,98433210,YHOO,YAHOO INC,YHOO,14521,98433210,29.13,-0.00224,-0.009781,-0.000466
83435,20150928,98433210,YHOO,YAHOO INC,YHOO,14521,98433210,27.6,-0.027388,-0.026244,-0.025666
83435,20150929,98433210,YHOO,YAHOO INC,YHOO,14521,98433210,28.26,-0.000958,-0.006725,0.001233
83435,20150930,98433210,YHOO,YAHOO INC,YHOO,14521,98433210,28.91,0.019396,0.014115,0.019076
83435,20151001,98433210,YHOO,YAHOO INC,YHOO,14521,98433210,28.91,0.001863,-0.001856,0.001974
83435,20151002,98433210,YHOO,YAHOO INC,YHOO,14521,98433210,30.71,0.015088,0.016141,0.014315
83435,20151005,98433210,YHOO,YAHOO INC,YHOO,14521,98433210,30.85,0.018751,0.021289,0.01829
83435,20151006,98433210,YHOO,YAHOO INC,YHOO,14521,98433210,30.955,-0.003105,0.002232,-0.003588
83435,20151007,98433210,YHOO,YAHOO INC,YHOO,14521,98433210,31.87,0.009517,0.01175,0.008036
83435,20151008,98433210,YHOO,YAHOO INC,YHOO,14521,98433210,32.37,0.008511,0.0092,0.008818
83435,20151009,98433210,YHOO,YAHOO INC,YHOO,14521,98433210,32.52,0.001409,0.003558,0.000725
83435,20151012,98433210,YHOO,YAHOO INC,YHOO,14521,98433210,32.86,-0.000225,-0.002942,0.001276
83435,20151013,98433210,YHOO,YAHOO INC,YHOO,14521,98433210,32.34,-0.007893,-0.009306,-0.006825
83435,20151014,98433210,YHOO,YAHOO INC,YHOO,14521,98433210,32.09,-0.004348,-0.003108,-0.004716
83435,20151015,98433210,YHOO,YAHOO INC,YHOO,14521,98433210,33.48,0.01468,0.015879,0.014853
83435,20151016,98433210,YHOO,YAHOO INC,YHOO,14521,98433210,33.37,0.003396,-0.000458,0.00457
83435,20151019,98433210,YHOO,YAHOO INC,YHOO,14521,98433210,33.5,-0.000687,-0.002585,0.000271
83435,20151020,98433210,YHOO,YAHOO INC,YHOO,14521,98433210,32.83,-0.001194,0.000564,-0.001421
83435,20151021,98433210,YHOO,YAHOO INC,YHOO,14521,98433210,31.12,-0.008132,-0.010996,-0.005825
83435,20151022,98433210,YHOO,YAHOO INC,YHOO,14521,98433210,31.67,0.013897,0.006534,0.016628
83435,20151023,98433210,YHOO,YAHOO INC,YHOO,14521,98433210,33.17,0.009506,0.005936,0.01103
83435,20151026,98433210,YHOO,YAHOO INC,YHOO,14521,98433210,33.4,-0.00284,-0.005899,-0.001913
83435,20151027,98433210,YHOO,YAHOO INC,YHOO,14521,98433210,34.3,-0.004493,-0.010882,-0.002554
83435,20151028,98433210,YHOO,YAHOO INC,YHOO,14521,98433210,35.185,0.013514,0.016437,0.01184
83435,20151029,98433210,YHOO,YAHOO INC,YHOO,14521,98433210,35.05,-0.002359,-0.005811,-0.00045
83435,20151030,98433210,YHOO,YAHOO INC,YHOO,14521,98433210,35.62,-0.004028,-0.001268,-0.00481
83435,20151102,98433210,YHOO,YAHOO INC,YHOO,14521,98433210,35.27,0.012426,0.015115,0.011874
83435,20151103,98433210,YHOO,YAHOO INC,YHOO,14521,98433210,34.72,0.003061,0.005922,0.002728
83435,20151104,98433210,YHOO,YAHOO INC,YHOO,14521,98433210,35.07,-0.003682,-0.002338,-0.003545
83435,20151105,98433210,YHOO,YAHOO INC,YHOO,14521,98433210,35.12,-0.001565,-0.003337,-0.001132
83435,20151106,98433210,YHOO,YAHOO INC,YHOO,14521,98433210,34.2,-0.000487,0.000516,-0.000348
83435,20151109,98433210,YHOO,YAHOO INC,YHOO,14521,98433210,33.68,-0.009786,-0.009183,-0.009823
83435,20151110,98433210,YHOO,YAHOO INC,YHOO,14521,98433210,33.99,0.001075,-0.00271,0.001511
83435,20151111,98433210,YHOO,YAHOO INC,YHOO,14521,98433210,33.38,-0.004136,-0.006495,-0.003228
83435,20151112,98433210,YHOO,YAHOO INC,YHOO,14521,98433210,33.23,-0.014721,-0.013716,-0.01399
83435,20151113,98433210,YHOO,YAHOO INC,YHOO,14521,98433210,32.19,-0.009798,-0.005673,-0.011207
83435,20151116,98433210,YHOO,YAHOO INC,YHOO,14521,98433210,32.945,0.013624,0.006239,0.014903
83435,20151117,98433210,YHOO,YAHOO INC,YHOO,14521,98433210,32.86,-0.001528,-0.004381,-0.001339
83435,20151118,98433210,YHOO,YAHOO INC,YHOO,14521,98433210,32.98,0.015212,0.00942,0.016162
83435,20151119,98433210,YHOO,YAHOO INC,YHOO,14521,98433210,32.625,-0.00104,-0.000874,-0.001123
83435,20151120,98433210,YHOO,YAHOO INC,YHOO,14521,98433210,33.11,0.002897,0.002414,0.00381
83435,20151123,98433210,YHOO,YAHOO INC,YHOO,14521,98433210,33.36,-0.000717,0.002141,-0.001235
83435,20151124,98433210,YHOO,YAHOO INC,YHOO,14521,98433210,32.96,0.002335,0.005581,0.001222
83435,20151125,98433210,YHOO,YAHOO INC,YHOO,14521,98433210,33.16,0.001053,0.004923,-0.000129
83435,20151127,98433210,YHOO,YAHOO INC,YHOO,14521,98433210,32.94,0.000597,0.002006,0.000594
83435,20151130,98433210,YHOO,YAHOO INC,YHOO,14521,98433210,33.81,-0.003963,-0.000318,-0.004641
83435,20151201,98433210,YHOO,YAHOO INC,YHOO,14521,98433210,33.71,0.009435,0.006106,0.010681
83435,20151202,98433210,YHOO,YAHOO INC,YHOO,14521,98433210,35.65,-0.01093,-0.009542,-0.010996
83435,20151203,98433210,YHOO,YAHOO INC,YHOO,14521,98433210,34.34,-0.014358,-0.010796,-0.014374
83435,20151204,98433210,YHOO,YAHOO INC,YHOO,14521,98433210,34.91,0.016442,0.00404,0.020526
83435,20151207,98433210,YHOO,YAHOO INC,YHOO,14521,98433210,34.68,-0.009852,-0.016444,-0.00699
83435,20151208,98433210,YHOO,YAHOO INC,YHOO,14521,98433210,34.85,-0.006194,-0.004668,-0.00649
83435,20151209,98433210,YHOO,YAHOO INC,YHOO,14521,98433210,34.4,-0.006682,-0.004485,-0.007739
83435,20151210,98433210,YHOO,YAHOO INC,YHOO,14521,98433210,34.63,0.001951,0.002147,0.002251
83435,20151211,98433210,YHOO,YAHOO INC,YHOO,14521,98433210,32.91,-0.020044,-0.01973,-0.019423
83435,20151214,98433210,YHOO,YAHOO INC,YHOO,14521,98433210,32.59,0.001544,-0.009669,0.004756
83435,20151215,98433210,YHOO,YAHOO INC,YHOO,14521,98433210,33.03,0.011288,0.010058,0.010619
83435,20151216,98433210,YHOO,YAHOO INC,YHOO,14521,98433210,33.78,0.014822,0.013147,0.014515
83435,20151217,98433210,YHOO,YAHOO INC,YHOO,14521,98433210,33.23,-0.014752,-0.008277,-0.015041
83435,20151218,98433210,YHOO,YAHOO INC,YHOO,14521,98433210,32.95,-0.015188,-0.005378,-0.017797
83435,20151221,98433210,YHOO,YAHOO INC,YHOO,14521,98433210,32.965,0.006882,0.004139,0.007778
83435,20151222,98433210,YHOO,YAHOO INC,YHOO,14521,98433210,34.19,0.008761,0.007877,0.008817
83435,20151223,98433210,YHOO,YAHOO INC,YHOO,14521,98433210,34.45,0.01357,0.016178,0.012418
83435,20151224,98433210,YHOO,YAHOO INC,YHOO,14521,98433210,34.11,-0.00094,0.001549,-0.001599
83435,20151228,98433210,YHOO,YAHOO INC,YHOO,14521,98433210,33.6,-0.003346,-0.007583,-0.002179
83435,20151229,98433210,YHOO,YAHOO INC,YHOO,14521,98433210,34.04,0.009734,0.005363,0.01063
83435,20151230,98433210,YHOO,YAHOO INC,YHOO,14521,98433210,33.37,-0.00749,-0.006844,-0.007217
83435,20151231,98433210,YHOO,YAHOO INC,YHOO,14521,98433210,33.26,-0.008228,-0.002053,-0.009412
83435,20160104,98433210,YHOO,YAHOO INC,YHOO,14521,98433210,31.4,-0.015063,-0.012423,-0.015304
83435,20160105,98433210,YHOO,YAHOO INC,YHOO,14521,98433210,32.2,0.001395,0.000334,0.002012
83435,20160106,98433210,YHOO,YAHOO INC,YHOO,14521,98433210,32.16,-0.014091,-0.013516,-0.013115
83435,20160107,98433210,YHOO,YAHOO INC,YHOO,14521,98433210,30.16,-0.023984,-0.024847,-0.0237
83435,20160108,98433210,YHOO,YAHOO INC,YHOO,14521,98433210,30.63,-0.01093,-0.010305,-0.010838
83435,20160111,98433210,YHOO,YAHOO INC,YHOO,14521,98433210,30.17,-0.001716,-0.011468,0.000853
83435,20160112,98433210,YHOO,YAHOO INC,YHOO,14521,98433210,30.69,0.006056,-0.002857,0.007803
83435,20160113,98433210,YHOO,YAHOO INC,YHOO,14521,98433210,29.44,-0.025972,-0.025572,-0.024965
83435,20160114,98433210,YHOO,YAHOO INC,YHOO,14521,98433210,30.32,0.015431,0.011735,0.016696
83435,20160115,98433210,YHOO,YAHOO INC,YHOO,14521,98433210,29.14,-0.021733,-0.021055,-0.021599
83435,20160119,98433210,YHOO,YAHOO INC,YHOO,14521,98433210,29.74,-0.002426,-0.011705,0.000532
83435,20160120,98433210,YHOO,YAHOO INC,YHOO,14521,98433210,28.78,-0.010729,-0.006135,-0.011694
83435,20160121,98433210,YHOO,YAHOO INC,YHOO,14521,98433210,29.31,0.005661,0.0097,0.005195
83435,20160122,98433210,YHOO,YAHOO INC,YHOO,14521,98433210,29.75,0.022463,0.024259,0.020284
83435,20160125,98433210,YHOO,YAHOO INC,YHOO,14521,98433210,29.78,-0.016775,-0.015939,-0.015638
83435,20160126,98433210,YHOO,YAHOO INC,YHOO,14521,98433210,29.98,0.015936,0.016776,0.014144
83435,20160127,98433210,YHOO,YAHOO INC,YHOO,14521,98433210,29.69,-0.010705,-0.008016,-0.010863
83435,20160128,98433210,YHOO,YAHOO INC,YHOO,14521,98433210,28.75,0.004972,0.003015,0.005529
83435,20160129,98433210,YHOO,YAHOO INC,YHOO,14521,98433210,29.51,0.024526,0.022879,0.02476
83435,20160201,98433210,YHOO,YAHOO INC,YHOO,14521,98433210,29.57,-0.000414,-0.001381,-0.000443
83435,20160202,98433210,YHOO,YAHOO INC,YHOO,14521,98433210,29.06,-0.020039,-0.019015,-0.018743
83435,20160203,98433210,YHOO,YAHOO INC,YHOO,14521,98433210,27.68,0.005447,0.00571,0.004992
83435,20160204,98433210,YHOO,YAHOO INC,YHOO,14521,98433210,29.15,0.003439,0.007383,0.001527
83435,20160205,98433210,YHOO,YAHOO INC,YHOO,14521,98433210,27.97,-0.019659,-0.017861,-0.018481
83435,20160208,98433210,YHOO,YAHOO INC,YHOO,14521,98433210,27.05,-0.01704,-0.01991,-0.014154
83435,20160209,98433210,YHOO,YAHOO INC,YHOO,14521,98433210,26.82,-0.003222,-0.010404,-0.000664
83435,20160210,98433210,YHOO,YAHOO INC,YHOO,14521,98433210,27.1,-0.000022,-0.000659,-0.000189
83435,20160211,98433210,YHOO,YAHOO INC,YHOO,14521,98433210,26.76,-0.012157,-0.011119,-0.012301
83435,20160212,98433210,YHOO,YAHOO INC,YHOO,14521,98433210,27.04,0.020063,0.017301,0.019518
83435,20160216,98433210,YHOO,YAHOO INC,YHOO,14521,98433210,29.28,0.017454,0.018524,0.016517
83435,20160217,98433210,YHOO,YAHOO INC,YHOO,14521,98433210,29.37,0.018002,0.020271,0.01648
83435,20160218,98433210,YHOO,YAHOO INC,YHOO,14521,98433210,29.42,-0.004292,-0.003216,-0.004666
83435,20160219,98433210,YHOO,YAHOO INC,YHOO,14521,98433210,30.04,-0.000348,-0.000201,-0.000026
83435,20160222,98433210,YHOO,YAHOO INC,YHOO,14521,98433210,31.17,0.014318,0.014089,0.014454
83435,20160223,98433210,YHOO,YAHOO INC,YHOO,14521,98433210,30.67,-0.011847,-0.010447,-0.012454
83435,20160224,98433210,YHOO,YAHOO INC,YHOO,14521,98433210,30.95,0.00493,0.005348,0.00444
83435,20160225,98433210,YHOO,YAHOO INC,YHOO,14521,98433210,31.36,0.01085,0.00592,0.011348
83435,20160226,98433210,YHOO,YAHOO INC,YHOO,14521,98433210,31.37,0.000176,0.00673,-0.00187
83435,20160229,98433210,YHOO,YAHOO INC,YHOO,14521,98433210,31.79,-0.006005,0.001094,-0.008121
83435,20160301,98433210,YHOO,YAHOO INC,YHOO,14521,98433210,32.8,0.022248,0.015575,0.023869
83435,20160302,98433210,YHOO,YAHOO INC,YHOO,14521,98433210,32.91,0.005535,0.012847,0.004094
83435,20160303,98433210,YHOO,YAHOO INC,YHOO,14521,98433210,32.88,0.005506,0.011074,0.003499
83435,20160304,98433210,YHOO,YAHOO INC,YHOO,14521,98433210,33.86,0.004036,0.009311,0.003306
83435,20160307,98433210,YHOO,YAHOO INC,YHOO,14521,98433210,33.96,0.003176,0.015412,0.000885
83435,20160308,98433210,YHOO,YAHOO INC,YHOO,14521,98433210,32.93,-0.013711,-0.018305,-0.01124
83435,20160309,98433210,YHOO,YAHOO INC,YHOO,14521,98433210,33.51,0.005409,0.005535,0.005052
83435,20160310,98433210,YHOO,YAHOO INC,YHOO,14521,98433210,32.82,-0.001344,-0.004476,0.000156
83435,20160311,98433210,YHOO,YAHOO INC,YHOO,14521,98433210,33.81,0.017184,0.016001,0.016396
83435,20160314,98433210,YHOO,YAHOO INC,YHOO,14521,98433210,33.58,-0.001643,0.00011,-0.001261
83435,20160315,98433210,YHOO,YAHOO INC,YHOO,14521,98433210,33.26,-0.004533,-0.012691,-0.001837
83435,20160316,98433210,YHOO,YAHOO INC,YHOO,14521,98433210,34.01,0.007398,0.008616,0.0056
83435,20160317,98433210,YHOO,YAHOO INC,YHOO,14521,98433210,34.275,0.00823,0.011578,0.006595
83435,20160318,98433210,YHOO,YAHOO INC,YHOO,14521,98433210,35.17,0.00377,0.00461,0.004406
83435,20160321,98433210,YHOO,YAHOO INC,YHOO,14521,98433210,35.47,0.000453,0.001297,0.000986
83435,20160322,98433210,YHOO,YAHOO INC,YHOO,14521,98433210,35.41,-0.000487,-0.000163,-0.000877
83435,20160323,98433210,YHOO,YAHOO INC,YHOO,14521,98433210,34.8,-0.009558,-0.016452,-0.006386
83435,20160324,98433210,YHOO,YAHOO INC,YHOO,14521,98433210,34.86,-0.000157,0.001286,-0.000378
83435,20160328,98433210,YHOO,YAHOO INC,YHOO,14521,98433210,35.23,0.000788,-0.000812,0.000545
83435,20160329,98433210,YHOO,YAHOO INC,YHOO,14521,98433210,36.32,0.010804,0.012987,0.008817
83435,20160330,98433210,YHOO,YAHOO INC,YHOO,14521,98433210,36.56,0.004391,0.004428,0.00435
83435,20160331,98433210,YHOO,YAHOO INC,YHOO,14521,98433210,36.81,-0.000893,0.001549,-0.00204
83435,20160401,98433210,YHOO,YAHOO INC,YHOO,14521,98433210,36.48,0.004588,0.001341,0.006331
83435,20160404,98433210,YHOO,YAHOO INC,YHOO,14521,98433210,37.02,-0.004542,-0.004679,-0.003208
83435,20160405,98433210,YHOO,YAHOO INC,YHOO,14521,98433210,36.41,-0.010026,-0.007967,-0.010145
83435,20160406,98433210,YHOO,YAHOO INC,YHOO,14521,98433210,36.66,0.010813,0.010728,0.010508
83435,20160407,98433210,YHOO,YAHOO INC,YHOO,14521,98433210,36.17,-0.011681,-0.008769,-0.011976
83435,20160408,98433210,YHOO,YAHOO INC,YHOO,14521,98433210,36.07,0.00433,0.006489,0.002787
83435,20160411,98433210,YHOO,YAHOO INC,YHOO,14521,98433210,36.48,-0.001833,0.00251,-0.00274
83435,20160412,98433210,YHOO,YAHOO INC,YHOO,14521,98433210,36.66,0.01038,0.010821,0.009662
83435,20160413,98433210,YHOO,YAHOO INC,YHOO,14521,98433210,37.31,0.011172,0.013833,0.01004
83435,20160414,98433210,YHOO,YAHOO INC,YHOO,14521,98433210,37.17,-0.000524,-0.000212,0.000173
83435,20160415,98433210,YHOO,YAHOO INC,YHOO,14521,98433210,36.51,-0.000559,0.000163,-0.000984
83435,20160418,98433210,YHOO,YAHOO INC,YHOO,14521,98433210,36.52,0.006761,0.006342,0.006541
83435,20160419,98433210,YHOO,YAHOO INC,YHOO,14521,98433210,36.33,0.004488,0.006416,0.003085
83435,20160420,98433210,YHOO,YAHOO INC,YHOO,14521,98433210,37.84,0.001172,0.001998,0.000762
83435,20160421,98433210,YHOO,YAHOO INC,YHOO,14521,98433210,37.67,-0.005322,-0.002472,-0.005194
83435,20160422,98433210,YHOO,YAHOO INC,YHOO,14521,98433210,37.48,0.00183,0.005719,0.000048
83435,20160425,98433210,YHOO,YAHOO INC,YHOO,14521,98433210,37.23,-0.00279,-0.004853,-0.001812
83435,20160426,98433210,YHOO,YAHOO INC,YHOO,14521,98433210,37.11,0.003359,0.006555,0.001873
83435,20160427,98433210,YHOO,YAHOO INC,YHOO,14521,98433210,36.95,0.002518,0.004707,0.001649
83435,20160428,98433210,YHOO,YAHOO INC,YHOO,14521,98433210,36.59,-0.008664,-0.005158,-0.009231
83435,20160429,98433210,YHOO,YAHOO INC,YHOO,14521,98433210,36.6,-0.004496,-0.003815,-0.005063
83435,20160502,98433210,YHOO,YAHOO INC,YHOO,14521,98433210,36.53,0.006716,0.001859,0.00781
83435,20160503,98433210,YHOO,YAHOO INC,YHOO,14521,98433210,36.01,-0.011131,-0.012739,-0.008677
83435,20160504,98433210,YHOO,YAHOO INC,YHOO,14521,98433210,36,-0.006414,-0.006657,-0.005937
83435,20160505,98433210,YHOO,YAHOO INC,YHOO,14521,98433210,36.94,-0.000678,-0.002922,-0.000239
83435,20160506,98433210,YHOO,YAHOO INC,YHOO,14521,98433210,37.23,0.003393,0.001343,0.003175
83435,20160509,98433210,YHOO,YAHOO INC,YHOO,14521,98433210,37.18,-0.000221,-0.00215,0.000753
83435,20160510,98433210,YHOO,YAHOO INC,YHOO,14521,98433210,37.44,0.012279,0.008429,0.012484
83435,20160511,98433210,YHOO,YAHOO INC,YHOO,14521,98433210,37.37,-0.008684,-0.005939,-0.009562
83435,20160512,98433210,YHOO,YAHOO INC,YHOO,14521,98433210,37.03,-0.001033,-0.007466,-0.00017
83435,20160513,98433210,YHOO,YAHOO INC,YHOO,14521,98433210,36.48,-0.008045,-0.004805,-0.008478
83435,20160516,98433210,YHOO,YAHOO INC,YHOO,14521,98433210,37.48,0.010137,0.008778,0.009797
83435,20160517,98433210,YHOO,YAHOO INC,YHOO,14521,98433210,37.27,-0.008841,-0.007608,-0.009411
83435,20160518,98433210,YHOO,YAHOO INC,YHOO,14521,98433210,37.24,-0.000942,-0.001535,0.000205
83435,20160519,98433210,YHOO,YAHOO INC,YHOO,14521,98433210,37.02,-0.003816,-0.006363,-0.003707
83435,20160520,98433210,YHOO,YAHOO INC,YHOO,14521,98433210,36.5,0.007512,0.010308,0.006019
83435,20160523,98433210,YHOO,YAHOO INC,YHOO,14521,98433210,36.66,-0.001825,0.001932,-0.002085
83435,20160524,98433210,YHOO,YAHOO INC,YHOO,14521,98433210,37.53,0.013108,0.011246,0.013681
83435,20160525,98433210,YHOO,YAHOO INC,YHOO,14521,98433210,35.59,0.007252,0.008093,0.006975
83435,20160526,98433210,YHOO,YAHOO INC,YHOO,14521,98433210,36.76,-0.000251,-0.000812,-0.00021
83435,20160527,98433210,YHOO,YAHOO INC,YHOO,14521,98433210,37.82,0.004254,0.004779,0.004287
83435,20160531,98433210,YHOO,YAHOO INC,YHOO,14521,98433210,37.94,-0.000396,0.003259,-0.001
83435,20160601,98433210,YHOO,YAHOO INC,YHOO,14521,98433210,36.65,0.002195,0.004983,0.00113
83435,20160602,98433210,YHOO,YAHOO INC,YHOO,14521,98433210,37.15,0.003559,0.004019,0.002825
83435,20160603,98433210,YHOO,YAHOO INC,YHOO,14521,98433210,36.6,-0.001939,-0.0001,-0.002912
83435,20160606,98433210,YHOO,YAHOO INC,YHOO,14521,98433210,37.07,0.006118,0.010954,0.004897
83435,20160607,98433210,YHOO,YAHOO INC,YHOO,14521,98433210,36.73,0.002106,0.004172,0.001289
83435,20160608,98433210,YHOO,YAHOO INC,YHOO,14521,98433210,36.97,0.003375,0.006397,0.003309
83435,20160609,98433210,YHOO,YAHOO INC,YHOO,14521,98433210,37.35,-0.002855,-0.005696,-0.001718
83435,20160610,98433210,YHOO,YAHOO INC,YHOO,14521,98433210,36.83,-0.011245,-0.01376,-0.009175
83435,20160613,98433210,YHOO,YAHOO INC,YHOO,14521,98433210,36.47,-0.008407,-0.009941,-0.008115
83435,20160614,98433210,YHOO,YAHOO INC,YHOO,14521,98433210,37.4,-0.002909,-0.005369,-0.001799
83435,20160615,98433210,YHOO,YAHOO INC,YHOO,14521,98433210,37.32,-0.000573,0.00375,-0.001841
83435,20160616,98433210,YHOO,YAHOO INC,YHOO,14521,98433210,37.39,0.001789,-0.002328,0.003133
83435,20160617,98433210,YHOO,YAHOO INC,YHOO,14521,98433210,36.94,-0.001856,0.001379,-0.003258
83435,20160620,98433210,YHOO,YAHOO INC,YHOO,14521,98433210,37.29,0.007213,0.009902,0.005808
83435,20160621,98433210,YHOO,YAHOO INC,YHOO,14521,98433210,37.4,0.002174,-0.001322,0.002712
83435,20160622,98433210,YHOO,YAHOO INC,YHOO,14521,98433210,37.36,-0.002003,-0.002512,-0.001652
83435,20160623,98433210,YHOO,YAHOO INC,YHOO,14521,98433210,37.78,0.014412,0.014291,0.013364
83435,20160624,98433210,YHOO,YAHOO INC,YHOO,14521,98433210,36.24,-0.036623,-0.030482,-0.03592
83435,20160627,98433210,YHOO,YAHOO INC,YHOO,14521,98433210,35.22,-0.020307,-0.025621,-0.018097
83435,20160628,98433210,YHOO,YAHOO INC,YHOO,14521,98433210,36.04,0.017775,0.018669,0.01777
83435,20160629,98433210,YHOO,YAHOO INC,YHOO,14521,98433210,36.86,0.0175,0.016106,0.017033
83435,20160630,98433210,YHOO,YAHOO INC,YHOO,14521,98433210,37.56,0.013159,0.009792,0.013565
83435,20160701,98433210,YHOO,YAHOO INC,YHOO,14521,98433210,37.99,0.002848,0.007543,0.001949
83435,20160705,98433210,YHOO,YAHOO INC,YHOO,14521,98433210,37.5,-0.008273,-0.011121,-0.006848
83435,20160706,98433210,YHOO,YAHOO INC,YHOO,14521,98433210,37.51,0.005139,0.004258,0.005353
83435,20160707,98433210,YHOO,YAHOO INC,YHOO,14521,98433210,37.52,-0.000777,0.001,-0.000872
83435,20160708,98433210,YHOO,YAHOO INC,YHOO,14521,98433210,37.74,0.015463,0.016875,0.015253
83435,20160711,98433210,YHOO,YAHOO INC,YHOO,14521,98433210,37.96,0.004203,0.006821,0.003409
83435,20160712,98433210,YHOO,YAHOO INC,YHOO,14521,98433210,37.89,0.007918,0.010654,0.007009
83435,20160713,98433210,YHOO,YAHOO INC,YHOO,14521,98433210,37.64,-0.000321,-0.002653,0.000135
83435,20160714,98433210,YHOO,YAHOO INC,YHOO,14521,98433210,37.96,0.004658,0.002005,0.005259
83435,20160715,98433210,YHOO,YAHOO INC,YHOO,14521,98433210,37.72,-0.000803,0.001017,-0.000929
83435,20160718,98433210,YHOO,YAHOO INC,YHOO,14521,98433210,37.95,0.002567,0.003134,0.002382
83435,20160719,98433210,YHOO,YAHOO INC,YHOO,14521,98433210,38.17,-0.002378,-0.004779,-0.001435
83435,20160720,98433210,YHOO,YAHOO INC,YHOO,14521,98433210,38.9,0.004528,0.006102,0.00427
83435,20160721,98433210,YHOO,YAHOO INC,YHOO,14521,98433210,38.85,-0.003343,-0.00136,-0.003612
83435,20160722,98433210,YHOO,YAHOO INC,YHOO,14521,98433210,39.38,0.004465,0.00451,0.004554
83435,20160725,98433210,YHOO,YAHOO INC,YHOO,14521,98433210,38.32,-0.003166,-0.003708,-0.003011
83435,20160726,98433210,YHOO,YAHOO INC,YHOO,14521,98433210,38.76,0.001593,0.004146,0.000323
83435,20160727,98433210,YHOO,YAHOO INC,YHOO,14521,98433210,38.66,-0.001344,0.001809,-0.001199
83435,20160728,98433210,YHOO,YAHOO INC,YHOO,14521,98433210,38.52,0.001539,-0.000161,0.001606
83435,20160729,98433210,YHOO,YAHOO INC,YHOO,14521,98433210,38.19,0.002574,0.003065,0.001631
83435,20160801,98433210,YHOO,YAHOO INC,YHOO,14521,98433210,38.8,-0.002287,-0.002278,-0.00127
83435,20160802,98433210,YHOO,YAHOO INC,YHOO,14521,98433210,38.57,-0.007118,-0.008453,-0.006362
83435,20160803,98433210,YHOO,YAHOO INC,YHOO,14521,98433210,38.39,0.004106,0.007069,0.003134
83435,20160804,98433210,YHOO,YAHOO INC,YHOO,14521,98433210,38.92,0.000583,0.00236,0.000213
83435,20160805,98433210,YHOO,YAHOO INC,YHOO,14521,98433210,38.99,0.008039,0.008378,0.008603
83435,20160808,98433210,YHOO,YAHOO INC,YHOO,14521,98433210,39.24,0.000022,0.002402,-0.000907
83435,20160809,98433210,YHOO,YAHOO INC,YHOO,14521,98433210,39.24,0.001029,0.000748,0.00039
83435,20160810,98433210,YHOO,YAHOO INC,YHOO,14521,98433210,39.93,-0.002849,-0.004929,-0.002865
83435,20160811,98433210,YHOO,YAHOO INC,YHOO,14521,98433210,41.27,0.00464,0.00497,0.004735
83435,20160812,98433210,YHOO,YAHOO INC,YHOO,14521,98433210,42.94,-0.00055,0.000383,-0.000796
83435,20160815,98433210,YHOO,YAHOO INC,YHOO,14521,98433210,42.67,0.003919,0.006934,0.002793
83435,20160816,98433210,YHOO,YAHOO INC,YHOO,14521,98433210,42.49,-0.005615,-0.003759,-0.005479
83435,20160817,98433210,YHOO,YAHOO INC,YHOO,14521,98433210,42.7,0.000826,-0.00151,0.001869
83435,20160818,98433210,YHOO,YAHOO INC,YHOO,14521,98433210,42.9,0.003354,0.005707,0.0022
83435,20160819,98433210,YHOO,YAHOO INC,YHOO,14521,98433210,43.02,-0.001928,-0.00158,-0.00144
83435,20160822,98433210,YHOO,YAHOO INC,YHOO,14521,98433210,42.52,-0.000452,0.000279,-0.000563
83435,20160823,98433210,YHOO,YAHOO INC,YHOO,14521,98433210,42.6,0.002792,0.004387,0.001952
83435,20160824,98433210,YHOO,YAHOO INC,YHOO,14521,98433210,41.91,-0.00611,-0.007138,-0.00524
83435,20160825,98433210,YHOO,YAHOO INC,YHOO,14521,98433210,42.03,-0.000662,-0.000033,-0.001365
83435,20160826,98433210,YHOO,YAHOO INC,YHOO,14521,98433210,42.27,-0.001846,-0.001869,-0.001579
83435,20160829,98433210,YHOO,YAHOO INC,YHOO,14521,98433210,42.26,0.005107,0.005034,0.005228
83435,20160830,98433210,YHOO,YAHOO INC,YHOO,14521,98433210,42.58,-0.00165,-0.000453,-0.001954
83435,20160831,98433210,YHOO,YAHOO INC,YHOO,14521,98433210,42.75,-0.002727,-0.003867,-0.002376
83435,20160901,98433210,YHOO,YAHOO INC,YHOO,14521,98433210,42.93,0.000696,0.000612,-0.000041
83435,20160902,98433210,YHOO,YAHOO INC,YHOO,14521,98433210,43.28,0.005842,0.007849,0.004201
83435,20160906,98433210,YHOO,YAHOO INC,YHOO,14521,98433210,44.71,0.003388,0.005587,0.002982
83435,20160907,98433210,YHOO,YAHOO INC,YHOO,14521,98433210,44.35,0.000611,0.002767,-0.000146
83435,20160908,98433210,YHOO,YAHOO INC,YHOO,14521,98433210,44.36,-0.002122,0.001892,-0.002223
83435,20160909,98433210,YHOO,YAHOO INC,YHOO,14521,98433210,42.92,-0.025044,-0.023232,-0.024522
83435,20160912,98433210,YHOO,YAHOO INC,YHOO,14521,98433210,43.46,0.013309,0.008207,0.014677
83435,20160913,98433210,YHOO,YAHOO INC,YHOO,14521,98433210,43.04,-0.016202,-0.01623,-0.014831
83435,20160914,98433210,YHOO,YAHOO INC,YHOO,14521,98433210,43.46,-0.000618,0.000042,-0.000588
83435,20160915,98433210,YHOO,YAHOO INC,YHOO,14521,98433210,43.99,0.009992,0.007897,0.010109
83435,20160916,98433210,YHOO,YAHOO INC,YHOO,14521,98433210,43.67,-0.003954,-0.001778,-0.003772
83435,20160919,98433210,YHOO,YAHOO INC,YHOO,14521,98433210,43.19,0.001361,0.003645,-0.000019
83435,20160920,98433210,YHOO,YAHOO INC,YHOO,14521,98433210,42.79,-0.000423,0.000307,0.000299
83435,20160921,98433210,YHOO,YAHOO INC,YHOO,14521,98433210,44.14,0.011837,0.011,0.010917
83435,20160922,98433210,YHOO,YAHOO INC,YHOO,14521,98433210,44.15,0.007763,0.009762,0.0065
83435,20160923,98433210,YHOO,YAHOO INC,YHOO,14521,98433210,42.8,-0.005954,-0.004179,-0.005737
83435,20160926,98433210,YHOO,YAHOO INC,YHOO,14521,98433210,42.29,-0.008374,-0.007837,-0.008588
83435,20160927,98433210,YHOO,YAHOO INC,YHOO,14521,98433210,43.37,0.005059,0.002918,0.006444
83435,20160928,98433210,YHOO,YAHOO INC,YHOO,14521,98433210,43.69,0.006445,0.006815,0.005296
83435,20160929,98433210,YHOO,YAHOO INC,YHOO,14521,98433210,42.57,-0.009266,-0.008509,-0.009321
83435,20160930,98433210,YHOO,YAHOO INC,YHOO,14521,98433210,43.1,0.007794,0.007512,0.007968
83435,20161003,98433210,YHOO,YAHOO INC,YHOO,14521,98433210,43.13,-0.003187,-0.000695,-0.003261
83435,20161004,98433210,YHOO,YAHOO INC,YHOO,14521,98433210,43.18,-0.005728,-0.006778,-0.004956
83435,20161005,98433210,YHOO,YAHOO INC,YHOO,14521,98433210,43.71,0.004631,0.005937,0.004297
83435,20161006,98433210,YHOO,YAHOO INC,YHOO,14521,98433210,43.68,-0.00077,-0.003019,0.000482
83435,20161007,98433210,YHOO,YAHOO INC,YHOO,14521,98433210,43.22,-0.003854,-0.004784,-0.003253
83435,20161010,98433210,YHOO,YAHOO INC,YHOO,14521,98433210,43.92,0.005604,0.006903,0.004606
83435,20161011,98433210,YHOO,YAHOO INC,YHOO,14521,98433210,42.68,-0.012627,-0.013098,-0.012447
83435,20161012,98433210,YHOO,YAHOO INC,YHOO,14521,98433210,42.36,0.000845,-0.001208,0.001147
83435,20161013,98433210,YHOO,YAHOO INC,YHOO,14521,98433210,41.62,-0.003349,-0.006521,-0.003099
83435,20161014,98433210,YHOO,YAHOO INC,YHOO,14521,98433210,41.44,-0.000331,-0.0018,0.000202
83435,20161017,98433210,YHOO,YAHOO INC,YHOO,14521,98433210,41.79,-0.002542,-0.003138,-0.003038
83435,20161018,98433210,YHOO,YAHOO INC,YHOO,14521,98433210,41.68,0.006561,0.005921,0.00616
83435,20161019,98433210,YHOO,YAHOO INC,YHOO,14521,98433210,42.73,0.002896,0.004623,0.002192
83435,20161020,98433210,YHOO,YAHOO INC,YHOO,14521,98433210,42.38,-0.001755,-0.000382,-0.001376
83435,20161021,98433210,YHOO,YAHOO INC,YHOO,14521,98433210,42.17,-0.000134,-0.000561,-0.000084
83435,20161024,98433210,YHOO,YAHOO INC,YHOO,14521,98433210,42.59,0.004409,0.001822,0.00475
83435,20161025,98433210,YHOO,YAHOO INC,YHOO,14521,98433210,42.55,-0.004389,-0.00568,-0.003798
83435,20161026,98433210,YHOO,YAHOO INC,YHOO,14521,98433210,42.08,-0.002862,-0.005764,-0.00174
83435,20161027,98433210,YHOO,YAHOO INC,YHOO,14521,98433210,41.87,-0.004094,-0.007745,-0.002987
83435,20161028,98433210,YHOO,YAHOO INC,YHOO,14521,98433210,41.78,-0.002632,-0.003912,-0.003108
83435,20161031,98433210,YHOO,YAHOO INC,YHOO,14521,98433210,41.55,0.000414,-0.001173,-0.000122
83435,20161101,98433210,YHOO,YAHOO INC,YHOO,14521,98433210,41.33,-0.006826,-0.007564,-0.006787
83435,20161102,98433210,YHOO,YAHOO INC,YHOO,14521,98433210,40.68,-0.007839,-0.010591,-0.006525
83435,20161103,98433210,YHOO,YAHOO INC,YHOO,14521,98433210,40.23,-0.00426,-0.007174,-0.004423
83435,20161104,98433210,YHOO,YAHOO INC,YHOO,14521,98433210,40.28,-0.001282,0.000691,-0.001666
83435,20161107,98433210,YHOO,YAHOO INC,YHOO,14521,98433210,41.05,0.020923,0.016,0.022224
83435,20161108,98433210,YHOO,YAHOO INC,YHOO,14521,98433210,41.16,0.003537,0.002659,0.003772
83435,20161109,98433210,YHOO,YAHOO INC,YHOO,14521,98433210,41.21,0.011973,0.015605,0.011077
83435,20161110,98433210,YHOO,YAHOO INC,YHOO,14521,98433210,40.16,0.001844,0.005824,0.001951
83435,20161111,98433210,YHOO,YAHOO INC,YHOO,14521,98433210,40.42,0.00025,0.008795,-0.001398
83435,20161114,98433210,YHOO,YAHOO INC,YHOO,14521,98433210,39.3,0.002265,0.005863,-0.000116
83435,20161115,98433210,YHOO,YAHOO INC,YHOO,14521,98433210,40.21,0.007743,0.007567,0.007481
83435,20161116,98433210,YHOO,YAHOO INC,YHOO,14521,98433210,40.98,-0.001718,0.0018,-0.001582
83435,20161117,98433210,YHOO,YAHOO INC,YHOO,14521,98433210,41.45,0.004556,0.002991,0.004676
83435,20161118,98433210,YHOO,YAHOO INC,YHOO,14521,98433210,41.19,-0.001475,0.001335,-0.002387
83435,20161121,98433210,YHOO,YAHOO INC,YHOO,14521,98433210,41.11,0.007754,0.006455,0.007461
83435,20161122,98433210,YHOO,YAHOO INC,YHOO,14521,98433210,41.01,0.002995,0.004393,0.002165
83435,20161123,98433210,YHOO,YAHOO INC,YHOO,14521,98433210,40.96,0.000906,0.002017,0.000808
83435,20161125,98433210,YHOO,YAHOO INC,YHOO,14521,98433210,40.87,0.003627,0.004269,0.003914
83435,20161128,98433210,YHOO,YAHOO INC,YHOO,14521,98433210,41.45,-0.006068,-0.006465,-0.005254
83435,20161129,98433210,YHOO,YAHOO INC,YHOO,14521,98433210,41.6,0.000775,-0.00196,0.001335
83435,20161130,98433210,YHOO,YAHOO INC,YHOO,14521,98433210,41.02,-0.001744,-0.001013,-0.002653
83435,20161201,98433210,YHOO,YAHOO INC,YHOO,14521,98433210,39.63,-0.004293,-0.005958,-0.003516
83435,20161202,98433210,YHOO,YAHOO INC,YHOO,14521,98433210,40.07,0.000698,0.001664,0.000397
83435,20161205,98433210,YHOO,YAHOO INC,YHOO,14521,98433210,40.2,0.007234,0.010715,0.005821
83435,20161206,98433210,YHOO,YAHOO INC,YHOO,14521,98433210,39.97,0.004719,0.007233,0.003411
83435,20161207,98433210,YHOO,YAHOO INC,YHOO,14521,98433210,40.52,0.012216,0.007765,0.013163
83435,20161208,98433210,YHOO,YAHOO INC,YHOO,14521,98433210,41.41,0.003623,0.008124,0.002159
83435,20161209,98433210,YHOO,YAHOO INC,YHOO,14521,98433210,41.76,0.00391,0.002235,0.005939
83435,20161212,98433210,YHOO,YAHOO INC,YHOO,14521,98433210,41.3,-0.00249,-0.006,-0.001137
83435,20161213,98433210,YHOO,YAHOO INC,YHOO,14521,98433210,41.47,0.005609,0.001604,0.00654
83435,20161214,98433210,YHOO,YAHOO INC,YHOO,14521,98433210,40.91,-0.009701,-0.010995,-0.008117
83435,20161215,98433210,YHOO,YAHOO INC,YHOO,14521,98433210,38.41,0.00354,0.002076,0.003883
83435,20161216,98433210,YHOO,YAHOO INC,YHOO,14521,98433210,38.61,-0.001274,0.001114,-0.001751
83435,20161219,98433210,YHOO,YAHOO INC,YHOO,14521,98433210,38.42,0.002013,0.002517,0.001975
83435,20161220,98433210,YHOO,YAHOO INC,YHOO,14521,98433210,39.16,0.004163,0.004128,0.003638
83435,20161221,98433210,YHOO,YAHOO INC,YHOO,14521,98433210,39.15,-0.002677,-0.002613,-0.002457
83435,20161222,98433210,YHOO,YAHOO INC,YHOO,14521,98433210,38.5,-0.002976,-0.005149,-0.001863
83435,20161223,98433210,YHOO,YAHOO INC,YHOO,14521,98433210,38.66,0.001761,0.004669,0.001252
83435,20161227,98433210,YHOO,YAHOO INC,YHOO,14521,98433210,38.92,0.002507,0.003106,0.002248
83435,20161228,98433210,YHOO,YAHOO INC,YHOO,14521,98433210,38.73,-0.008262,-0.008009,-0.008357
83435,20161229,98433210,YHOO,YAHOO INC,YHOO,14521,98433210,38.64,0.000514,0.001312,-0.000293
83435,20161230,98433210,YHOO,YAHOO INC,YHOO,14521,98433210,38.67,-0.004076,-0.00183,-0.004637
83435,20170103,98433210,YHOO,YAHOO INC,YHOO,14521,98433210,38.9,0.008184,0.009112,0.008487
83435,20170104,98433210,YHOO,YAHOO INC,YHOO,14521,98433210,40.06,0.008467,0.013089,0.005722
83435,20170105,98433210,YHOO,YAHOO INC,YHOO,14521,98433210,41.34,-0.000943,-0.000907,-0.000771
83435,20170106,98433210,YHOO,YAHOO INC,YHOO,14521,98433210,41.23,0.002085,-0.001384,0.003517
83435,20170109,98433210,YHOO,YAHOO INC,YHOO,14521,98433210,41.34,-0.003933,-0.003303,-0.003549
83435,20170110,98433210,YHOO,YAHOO INC,YHOO,14521,98433210,42.3,0.001298,0.006075,0
83435,20170111,98433210,YHOO,YAHOO INC,YHOO,14521,98433210,42.59,0.003113,0.002649,0.00283
83435,20170112,98433210,YHOO,YAHOO INC,YHOO,14521,98433210,42.11,-0.002571,-0.003484,-0.002145
83435,20170113,98433210,YHOO,YAHOO INC,YHOO,14521,98433210,42.27,0.002827,0.005326,0.00185
83435,20170117,98433210,YHOO,YAHOO INC,YHOO,14521,98433210,41.99,-0.003711,-0.00516,-0.002968
83435,20170118,98433210,YHOO,YAHOO INC,YHOO,14521,98433210,42.03,0.001299,0.000199,0.001764
83435,20170119,98433210,YHOO,YAHOO INC,YHOO,14521,98433210,42.09,-0.003902,-0.005108,-0.003609
83435,20170120,98433210,YHOO,YAHOO INC,YHOO,14521,98433210,42.05,0.003604,0.003839,0.003366
83435,20170123,98433210,YHOO,YAHOO INC,YHOO,14521,98433210,42.4,-0.001953,-0.001949,-0.00269
83435,20170124,98433210,YHOO,YAHOO INC,YHOO,14521,98433210,43.9,0.00834,0.009525,0.006565
83435,20170125,98433210,YHOO,YAHOO INC,YHOO,14521,98433210,44.94,0.00807,0.007633,0.008026
83435,20170126,98433210,YHOO,YAHOO INC,YHOO,14521,98433210,44.55,-0.001158,-0.002545,-0.000735
83435,20170127,98433210,YHOO,YAHOO INC,YHOO,14521,98433210,44.42,-0.0017,-0.001481,-0.000866
83435,20170130,98433210,YHOO,YAHOO INC,YHOO,14521,98433210,43.93,-0.007118,-0.009691,-0.00601
83435,20170131,98433210,YHOO,YAHOO INC,YHOO,14521,98433210,44.07,0.000821,0.003937,-0.00089
83435,20170201,98433210,YHOO,YAHOO INC,YHOO,14521,98433210,43.78,0.000044,0.000922,0.000298
83435,20170202,98433210,YHOO,YAHOO INC,YHOO,14521,98433210,43.69,0.000554,0.000544,0.00057
83435,20170203,98433210,YHOO,YAHOO INC,YHOO,14521,98433210,43.71,0.007686,0.008342,0.007265
83435,20170206,98433210,YHOO,YAHOO INC,YHOO,14521,98433210,44.42,-0.002722,-0.003233,-0.002115
83435,20170207,98433210,YHOO,YAHOO INC,YHOO,14521,98433210,44.37,-0.000575,-0.002244,0.000227
83435,20170208,98433210,YHOO,YAHOO INC,YHOO,14521,98433210,45.07,0.00097,-0.00009,0.000693
83435,20170209,98433210,YHOO,YAHOO INC,YHOO,14521,98433210,45.08,0.006359,0.007693,0.005752
83435,20170210,98433210,YHOO,YAHOO INC,YHOO,14521,98433210,45.03,0.004056,0.006296,0.003566
83435,20170213,98433210,YHOO,YAHOO INC,YHOO,14521,98433210,45.46,0.004451,0.00268,0.005246
83435,20170214,98433210,YHOO,YAHOO INC,YHOO,14521,98433210,45.02,0.003689,0.002409,0.004007
83435,20170215,98433210,YHOO,YAHOO INC,YHOO,14521,98433210,45.65,0.004644,0.003567,0.004992
83435,20170216,98433210,YHOO,YAHOO INC,YHOO,14521,98433210,45.16,-0.001351,-0.002317,-0.000864
83435,20170217,98433210,YHOO,YAHOO INC,YHOO,14521,98433210,45.1,0.001867,0.001406,0.001679
83435,20170221,98433210,YHOO,YAHOO INC,YHOO,14521,98433210,45.5,0.005801,0.004445,0.006048
83435,20170222,98433210,YHOO,YAHOO INC,YHOO,14521,98433210,45.98,-0.001822,-0.004076,-0.001082
83435,20170223,98433210,YHOO,YAHOO INC,YHOO,14521,98433210,45.41,-0.000992,-0.003654,0.000419
83435,20170224,98433210,YHOO,YAHOO INC,YHOO,14521,98433210,45.55,0.00026,-0.001671,0.001493
83435,20170227,98433210,YHOO,YAHOO INC,YHOO,14521,98433210,45.71,0.001889,0.005496,0.001018
83435,20170228,98433210,YHOO,YAHOO INC,YHOO,14521,98433210,45.66,-0.004649,-0.009053,-0.002578
83435,20170301,98433210,YHOO,YAHOO INC,YHOO,14521,98433210,46.24,0.013188,0.011076,0.013674
83435,20170302,98433210,YHOO,YAHOO INC,YHOO,14521,98433210,45.94,-0.006934,-0.008099,-0.00586
83435,20170303,98433210,YHOO,YAHOO INC,YHOO,14521,98433210,45.91,0.000921,0.000025,0.000504
83435,20170306,98433210,YHOO,YAHOO INC,YHOO,14521,98433210,45.64,-0.00383,-0.006297,-0.003277
83435,20170307,98433210,YHOO,YAHOO INC,YHOO,14521,98433210,45.73,-0.003477,-0.00454,-0.002913
83435,20170308,98433210,YHOO,YAHOO INC,YHOO,14521,98433210,45.98,-0.00352,-0.004314,-0.002284
83435,20170309,98433210,YHOO,YAHOO INC,YHOO,14521,98433210,45.94,-0.000291,-0.003505,0.0008
83435,20170310,98433210,YHOO,YAHOO INC,YHOO,14521,98433210,45.98,0.00342,0.003315,0.003269
83435,20170313,98433210,YHOO,YAHOO INC,YHOO,14521,98433210,46.57,0.00137,0.004754,0.000367
83435,20170314,98433210,YHOO,YAHOO INC,YHOO,14521,98433210,46.37,-0.004235,-0.006481,-0.003379
83435,20170315,98433210,YHOO,YAHOO INC,YHOO,14521,98433210,46.29,0.010075,0.011789,0.008375
83435,20170316,98433210,YHOO,YAHOO INC,YHOO,14521,98433210,46.61,-0.000653,0.003314,-0.001627
83435,20170317,98433210,YHOO,YAHOO INC,YHOO,14521,98433210,46.59,-0.000875,0.002189,-0.001314
83435,20170320,98433210,YHOO,YAHOO INC,YHOO,14521,98433210,46.77,-0.002365,-0.002177,-0.00201
83435,20170321,98433210,YHOO,YAHOO INC,YHOO,14521,98433210,45.77,-0.013693,-0.016383,-0.012408
83435,20170322,98433210,YHOO,YAHOO INC,YHOO,14521,98433210,46.06,0.001735,-0.002139,0.00189
83435,20170323,98433210,YHOO,YAHOO INC,YHOO,14521,98433210,46.6,0.000126,0.00403,-0.00106
83435,20170324,98433210,YHOO,YAHOO INC,YHOO,14521,98433210,46.4,-0.000435,0.001295,-0.000844
83435,20170327,98433210,YHOO,YAHOO INC,YHOO,14521,98433210,46.4,-0.000357,0.00269,-0.00102
83435,20170328,98433210,YHOO,YAHOO INC,YHOO,14521,98433210,46.57,0.006882,0.005609,0.007251
83435,20170329,98433210,YHOO,YAHOO INC,YHOO,14521,98433210,46.78,0.002,0.005474,0.001085
83435,20170330,98433210,YHOO,YAHOO INC,YHOO,14521,98433210,46.62,0.002564,0.002777,0.002935
83435,20170331,98433210,YHOO,YAHOO INC,YHOO,14521,98433210,46.41,-0.001114,0.002203,-0.002255
83435,20170403,98433210,YHOO,YAHOO INC,YHOO,14521,98433210,46.43,-0.002706,-0.006102,-0.001642
83435,20170404,98433210,YHOO,YAHOO INC,YHOO,14521,98433210,46.23,0.000529,-0.002187,0.00056
83435,20170405,98433210,YHOO,YAHOO INC,YHOO,14521,98433210,46.38,-0.00421,-0.006725,-0.003055
83435,20170406,98433210,YHOO,YAHOO INC,YHOO,14521,98433210,46.28,0.003274,0.006046,0.001929
83435,20170407,98433210,YHOO,YAHOO INC,YHOO,14521,98433210,46.44,-0.000724,0.00005,-0.000827
83435,20170410,98433210,YHOO,YAHOO INC,YHOO,14521,98433210,47.21,0.00142,0.002415,0.000688
83435,20170411,98433210,YHOO,YAHOO INC,YHOO,14521,98433210,46.79,-0.000258,0.00275,-0.001434
83435,20170412,98433210,YHOO,YAHOO INC,YHOO,14521,98433210,46.83,-0.00459,-0.005869,-0.00376
83435,20170413,98433210,YHOO,YAHOO INC,YHOO,14521,98433210,46.9,-0.007221,-0.006361,-0.006815
83435,20170417,98433210,YHOO,YAHOO INC,YHOO,14521,98433210,47.39,0.008651,0.006057,0.008613
83435,20170418,98433210,YHOO,YAHOO INC,YHOO,14521,98433210,47.56,-0.002535,-0.002719,-0.002903
83435,20170419,98433210,YHOO,YAHOO INC,YHOO,14521,98433210,47,-0.001457,0.000246,-0.001716
83435,20170420,98433210,YHOO,YAHOO INC,YHOO,14521,98433210,47.67,0.007651,0.007061,0.007557
83435,20170421,98433210,YHOO,YAHOO INC,YHOO,14521,98433210,47.52,-0.002877,-0.002142,-0.003035
83435,20170424,98433210,YHOO,YAHOO INC,YHOO,14521,98433210,48.15,0.010738,0.007802,0.01084
83435,20170425,98433210,YHOO,YAHOO INC,YHOO,14521,98433210,48.4,0.005976,0.006068,0.006091
83435,20170426,98433210,YHOO,YAHOO INC,YHOO,14521,98433210,48.26,-0.00017,0.003729,-0.000486
83435,20170427,98433210,YHOO,YAHOO INC,YHOO,14521,98433210,48.36,-0.000188,-0.001853,0.000553
83435,20170428,98433210,YHOO,YAHOO INC,YHOO,14521,98433210,48.21,-0.002641,-0.00425,-0.001913
83435,20170501,98433210,YHOO,YAHOO INC,YHOO,14521,98433210,48.61,0.001964,0.001058,0.001732
83435,20170502,98433210,YHOO,YAHOO INC,YHOO,14521,98433210,49.09,0.000239,-0.002032,0.001189
83435,20170503,98433210,YHOO,YAHOO INC,YHOO,14521,98433210,48.54,-0.002765,-0.004664,-0.001271
83435,20170504,98433210,YHOO,YAHOO INC,YHOO,14521,98433210,48.45,-0.000855,-0.004833,0.000582
83435,20170505,98433210,YHOO,YAHOO INC,YHOO,14521,98433210,48.49,0.005773,0.006187,0.004089
83435,20170508,98433210,YHOO,YAHOO INC,YHOO,14521,98433210,48.85,-0.001088,-0.001311,0.000038
83435,20170509,98433210,YHOO,YAHOO INC,YHOO,14521,98433210,49.49,-0.001032,0.000489,-0.001025
83435,20170510,98433210,YHOO,YAHOO INC,YHOO,14521,98433210,49.4,0.002314,0.003872,0.001131
83435,20170511,98433210,YHOO,YAHOO INC,YHOO,14521,98433210,49.69,-0.003006,-0.003344,-0.002163
83435,20170512,98433210,YHOO,YAHOO INC,YHOO,14521,98433210,49.65,-0.00157,-0.002293,-0.001478
83435,20170515,98433210,YHOO,YAHOO INC,YHOO,14521,98433210,49.86,0.005514,0.005707,0.004776
83435,20170516,98433210,YHOO,YAHOO INC,YHOO,14521,98433210,50.96,-0.000538,-0.001309,-0.000687
83435,20170517,98433210,YHOO,YAHOO INC,YHOO,14521,98433210,49.65,-0.018338,-0.017024,-0.018178
83435,20170518,98433210,YHOO,YAHOO INC,YHOO,14521,98433210,49.63,0.003336,-0.000135,0.003687
83435,20170519,98433210,YHOO,YAHOO INC,YHOO,14521,98433210,50.18,0.007544,0.008076,0.006767
83435,20170522,98433210,YHOO,YAHOO INC,YHOO,14521,98433210,50.65,0.00537,0.004082,0.00516
83435,20170523,98433210,YHOO,YAHOO INC,YHOO,14521,98433210,50.31,0.001519,0.000515,0.001838
83435,20170524,98433210,YHOO,YAHOO INC,YHOO,14521,98433210,50.32,0.002378,0.000662,0.002489
83435,20170525,98433210,YHOO,YAHOO INC,YHOO,14521,98433210,50.6,0.003147,0.000247,0.004442
83435,20170526,98433210,YHOO,YAHOO INC,YHOO,14521,98433210,50.67,0.000189,0.00004,0.000311
83435,20170530,98433210,YHOO,YAHOO INC,YHOO,14521,98433210,50.56,-0.0024,-0.005529,-0.001205
83435,20170531,98433210,YHOO,YAHOO INC,YHOO,14521,98433210,50.32,-0.000443,-0.000766,-0.00046
83435,20170601,98433210,YHOO,YAHOO INC,YHOO,14521,98433210,50.65,0.008896,0.010791,0.007571
83435,20170602,98433210,YHOO,YAHOO INC,YHOO,14521,98433210,50.6,0.003467,0.004443,0.003708
83435,20170605,98433210,YHOO,YAHOO INC,YHOO,14521,98433210,50.6,-0.001857,-0.004078,-0.001218
83435,20170606,98433210,YHOO,YAHOO INC,YHOO,14521,98433210,50.5,-0.00217,-0.000809,-0.002779
83435,20170607,98433210,YHOO,YAHOO INC,YHOO,14521,98433210,50.55,0.000537,-0.001048,0.001568
83435,20170608,98433210,YHOO,YAHOO INC,YHOO,14521,98433210,55.71,0.001536,0.005639,0.000267
83435,20170609,98433210,YHOO,YAHOO INC,YHOO,14521,98433210,54.02,-0.000545,0.002024,-0.00083
83435,20170612,98433210,YHOO,YAHOO INC,YHOO,14521,98433210,53.12,-0.000923,-0.001251,-0.000979
83435,20170613,98433210,YHOO,YAHOO INC,YHOO,14521,98433210,52,0.005084,0.005249,0.004511
83435,20170614,98433210,YHOO,YAHOO INC,YHOO,14521,98433210,52.63,-0.00238,-0.004472,-0.000996
83435,20170615,98433210,YHOO,YAHOO INC,YHOO,14521,98433210,52.58,-0.003116,-0.005446,-0.00224
83435,20170616,98433210,YHOO,YAHOO INC,YHOO,14521,98433210,52.58,0.000448,-0.000376,0.000284
83435,20170619,98433210,YHOO,YAHOO INC,YHOO,14521,98433210,,0.00761,0.00602,0.008347
