gvkey,iid,datadate,tic,cusip,conm,curcdd,prccd,exchg,cik
141459,01,20150102,GRMN,H2906T109,GARMIN LTD,USD,52.5800,14,0001121788
141459,01,20150105,GRMN,H2906T109,GARMIN LTD,USD,51.1300,14,0001121788
141459,01,20150106,GRMN,H2906T109,GARMIN LTD,USD,50.5100,14,0001121788
141459,01,20150107,GRMN,H2906T109,GARMIN LTD,USD,51.4500,14,0001121788
141459,01,20150108,GRMN,H2906T109,GARMIN LTD,USD,51.4500,14,0001121788
141459,01,20150109,GRMN,H2906T109,GARMIN LTD,USD,51.4400,14,0001121788
141459,01,20150112,GRMN,H2906T109,GARMIN LTD,USD,51.4500,14,0001121788
141459,01,20150113,GRMN,H2906T109,GARMIN LTD,USD,51.5350,14,0001121788
141459,01,20150114,GRMN,H2906T109,GARMIN LTD,USD,51.8000,14,0001121788
141459,01,20150115,GRMN,H2906T109,GARMIN LTD,USD,50.8200,14,0001121788
141459,01,20150116,GRMN,H2906T109,GARMIN LTD,USD,52.8300,14,0001121788
141459,01,20150120,GRMN,H2906T109,GARMIN LTD,USD,52.6200,14,0001121788
141459,01,20150121,GRMN,H2906T109,GARMIN LTD,USD,52.6000,14,0001121788
141459,01,20150122,GRMN,H2906T109,GARMIN LTD,USD,53.1400,14,0001121788
141459,01,20150123,GRMN,H2906T109,GARMIN LTD,USD,53.0100,14,0001121788
141459,01,20150126,GRMN,H2906T109,GARMIN LTD,USD,54.3000,14,0001121788
141459,01,20150127,GRMN,H2906T109,GARMIN LTD,USD,52.8600,14,0001121788
141459,01,20150128,GRMN,H2906T109,GARMIN LTD,USD,52.0000,14,0001121788
141459,01,20150129,GRMN,H2906T109,GARMIN LTD,USD,52.5000,14,0001121788
141459,01,20150130,GRMN,H2906T109,GARMIN LTD,USD,52.3600,14,0001121788
141459,01,20150202,GRMN,H2906T109,GARMIN LTD,USD,52.6000,14,0001121788
141459,01,20150203,GRMN,H2906T109,GARMIN LTD,USD,53.6500,14,0001121788
141459,01,20150204,GRMN,H2906T109,GARMIN LTD,USD,53.2300,14,0001121788
141459,01,20150205,GRMN,H2906T109,GARMIN LTD,USD,53.4350,14,0001121788
141459,01,20150206,GRMN,H2906T109,GARMIN LTD,USD,53.4200,14,0001121788
141459,01,20150209,GRMN,H2906T109,GARMIN LTD,USD,53.8100,14,0001121788
141459,01,20150210,GRMN,H2906T109,GARMIN LTD,USD,54.1100,14,0001121788
141459,01,20150211,GRMN,H2906T109,GARMIN LTD,USD,54.3100,14,0001121788
141459,01,20150212,GRMN,H2906T109,GARMIN LTD,USD,55.9100,14,0001121788
141459,01,20150213,GRMN,H2906T109,GARMIN LTD,USD,55.9300,14,0001121788
141459,01,20150217,GRMN,H2906T109,GARMIN LTD,USD,56.8100,14,0001121788
141459,01,20150218,GRMN,H2906T109,GARMIN LTD,USD,50.7100,14,0001121788
141459,01,20150219,GRMN,H2906T109,GARMIN LTD,USD,50.7200,14,0001121788
141459,01,20150220,GRMN,H2906T109,GARMIN LTD,USD,49.4200,14,0001121788
141459,01,20150223,GRMN,H2906T109,GARMIN LTD,USD,49.4000,14,0001121788
141459,01,20150224,GRMN,H2906T109,GARMIN LTD,USD,49.6000,14,0001121788
141459,01,20150225,GRMN,H2906T109,GARMIN LTD,USD,49.4500,14,0001121788
141459,01,20150226,GRMN,H2906T109,GARMIN LTD,USD,49.4300,14,0001121788
141459,01,20150227,GRMN,H2906T109,GARMIN LTD,USD,49.6300,14,0001121788
141459,01,20150302,GRMN,H2906T109,GARMIN LTD,USD,50.4500,14,0001121788
141459,01,20150303,GRMN,H2906T109,GARMIN LTD,USD,49.7000,14,0001121788
141459,01,20150304,GRMN,H2906T109,GARMIN LTD,USD,49.3200,14,0001121788
141459,01,20150305,GRMN,H2906T109,GARMIN LTD,USD,50.7100,14,0001121788
141459,01,20150306,GRMN,H2906T109,GARMIN LTD,USD,49.6400,14,0001121788
141459,01,20150309,GRMN,H2906T109,GARMIN LTD,USD,49.4000,14,0001121788
141459,01,20150310,GRMN,H2906T109,GARMIN LTD,USD,49.5000,14,0001121788
141459,01,20150311,GRMN,H2906T109,GARMIN LTD,USD,49.5200,14,0001121788
141459,01,20150312,GRMN,H2906T109,GARMIN LTD,USD,48.6700,14,0001121788
141459,01,20150313,GRMN,H2906T109,GARMIN LTD,USD,48.0000,14,0001121788
141459,01,20150316,GRMN,H2906T109,GARMIN LTD,USD,48.7400,14,0001121788
141459,01,20150317,GRMN,H2906T109,GARMIN LTD,USD,48.4800,14,0001121788
141459,01,20150318,GRMN,H2906T109,GARMIN LTD,USD,48.7200,14,0001121788
141459,01,20150319,GRMN,H2906T109,GARMIN LTD,USD,48.1400,14,0001121788
141459,01,20150320,GRMN,H2906T109,GARMIN LTD,USD,49.4900,14,0001121788
141459,01,20150323,GRMN,H2906T109,GARMIN LTD,USD,49.3950,14,0001121788
141459,01,20150324,GRMN,H2906T109,GARMIN LTD,USD,49.0700,14,0001121788
141459,01,20150325,GRMN,H2906T109,GARMIN LTD,USD,48.0200,14,0001121788
141459,01,20150326,GRMN,H2906T109,GARMIN LTD,USD,47.4700,14,0001121788
141459,01,20150327,GRMN,H2906T109,GARMIN LTD,USD,47.6600,14,0001121788
141459,01,20150330,GRMN,H2906T109,GARMIN LTD,USD,48.1300,14,0001121788
141459,01,20150331,GRMN,H2906T109,GARMIN LTD,USD,47.5200,14,0001121788
141459,01,20150401,GRMN,H2906T109,GARMIN LTD,USD,47.0700,14,0001121788
141459,01,20150402,GRMN,H2906T109,GARMIN LTD,USD,46.4850,14,0001121788
141459,01,20150406,GRMN,H2906T109,GARMIN LTD,USD,46.7100,14,0001121788
141459,01,20150407,GRMN,H2906T109,GARMIN LTD,USD,45.8800,14,0001121788
141459,01,20150408,GRMN,H2906T109,GARMIN LTD,USD,46.3300,14,0001121788
141459,01,20150409,GRMN,H2906T109,GARMIN LTD,USD,46.5900,14,0001121788
141459,01,20150410,GRMN,H2906T109,GARMIN LTD,USD,46.6600,14,0001121788
141459,01,20150413,GRMN,H2906T109,GARMIN LTD,USD,46.7950,14,0001121788
141459,01,20150414,GRMN,H2906T109,GARMIN LTD,USD,46.8600,14,0001121788
141459,01,20150415,GRMN,H2906T109,GARMIN LTD,USD,47.6300,14,0001121788
141459,01,20150416,GRMN,H2906T109,GARMIN LTD,USD,47.6100,14,0001121788
141459,01,20150417,GRMN,H2906T109,GARMIN LTD,USD,46.6700,14,0001121788
141459,01,20150420,GRMN,H2906T109,GARMIN LTD,USD,47.5700,14,0001121788
141459,01,20150421,GRMN,H2906T109,GARMIN LTD,USD,47.5700,14,0001121788
141459,01,20150422,GRMN,H2906T109,GARMIN LTD,USD,46.9500,14,0001121788
141459,01,20150423,GRMN,H2906T109,GARMIN LTD,USD,47.1400,14,0001121788
141459,01,20150424,GRMN,H2906T109,GARMIN LTD,USD,46.1900,14,0001121788
141459,01,20150427,GRMN,H2906T109,GARMIN LTD,USD,46.4300,14,0001121788
141459,01,20150428,GRMN,H2906T109,GARMIN LTD,USD,47.4900,14,0001121788
141459,01,20150429,GRMN,H2906T109,GARMIN LTD,USD,45.5400,14,0001121788
141459,01,20150430,GRMN,H2906T109,GARMIN LTD,USD,45.1900,14,0001121788
141459,01,20150501,GRMN,H2906T109,GARMIN LTD,USD,45.8600,14,0001121788
141459,01,20150504,GRMN,H2906T109,GARMIN LTD,USD,45.7000,14,0001121788
141459,01,20150505,GRMN,H2906T109,GARMIN LTD,USD,45.2850,14,0001121788
141459,01,20150506,GRMN,H2906T109,GARMIN LTD,USD,45.3000,14,0001121788
141459,01,20150507,GRMN,H2906T109,GARMIN LTD,USD,45.4050,14,0001121788
141459,01,20150508,GRMN,H2906T109,GARMIN LTD,USD,45.9400,14,0001121788
141459,01,20150511,GRMN,H2906T109,GARMIN LTD,USD,46.7200,14,0001121788
141459,01,20150512,GRMN,H2906T109,GARMIN LTD,USD,45.9400,14,0001121788
141459,01,20150513,GRMN,H2906T109,GARMIN LTD,USD,46.1200,14,0001121788
141459,01,20150514,GRMN,H2906T109,GARMIN LTD,USD,46.1700,14,0001121788
141459,01,20150515,GRMN,H2906T109,GARMIN LTD,USD,46.2000,14,0001121788
141459,01,20150518,GRMN,H2906T109,GARMIN LTD,USD,46.1200,14,0001121788
141459,01,20150519,GRMN,H2906T109,GARMIN LTD,USD,46.0600,14,0001121788
141459,01,20150520,GRMN,H2906T109,GARMIN LTD,USD,46.0500,14,0001121788
141459,01,20150521,GRMN,H2906T109,GARMIN LTD,USD,45.9400,14,0001121788
141459,01,20150522,GRMN,H2906T109,GARMIN LTD,USD,45.9500,14,0001121788
141459,01,20150526,GRMN,H2906T109,GARMIN LTD,USD,45.1650,14,0001121788
141459,01,20150527,GRMN,H2906T109,GARMIN LTD,USD,45.4600,14,0001121788
141459,01,20150528,GRMN,H2906T109,GARMIN LTD,USD,46.2150,14,0001121788
141459,01,20150529,GRMN,H2906T109,GARMIN LTD,USD,45.4800,14,0001121788
141459,01,20150601,GRMN,H2906T109,GARMIN LTD,USD,45.4700,14,0001121788
141459,01,20150602,GRMN,H2906T109,GARMIN LTD,USD,45.5800,14,0001121788
141459,01,20150603,GRMN,H2906T109,GARMIN LTD,USD,46.0400,14,0001121788
141459,01,20150604,GRMN,H2906T109,GARMIN LTD,USD,45.4950,14,0001121788
141459,01,20150605,GRMN,H2906T109,GARMIN LTD,USD,45.6200,14,0001121788
141459,01,20150608,GRMN,H2906T109,GARMIN LTD,USD,45.4700,14,0001121788
141459,01,20150609,GRMN,H2906T109,GARMIN LTD,USD,45.7200,14,0001121788
141459,01,20150610,GRMN,H2906T109,GARMIN LTD,USD,46.4300,14,0001121788
141459,01,20150611,GRMN,H2906T109,GARMIN LTD,USD,46.0300,14,0001121788
141459,01,20150612,GRMN,H2906T109,GARMIN LTD,USD,44.7900,14,0001121788
141459,01,20150615,GRMN,H2906T109,GARMIN LTD,USD,44.2100,14,0001121788
141459,01,20150616,GRMN,H2906T109,GARMIN LTD,USD,45.2600,14,0001121788
141459,01,20150617,GRMN,H2906T109,GARMIN LTD,USD,45.2200,14,0001121788
141459,01,20150618,GRMN,H2906T109,GARMIN LTD,USD,46.5600,14,0001121788
141459,01,20150619,GRMN,H2906T109,GARMIN LTD,USD,46.8450,14,0001121788
141459,01,20150622,GRMN,H2906T109,GARMIN LTD,USD,47.0200,14,0001121788
141459,01,20150623,GRMN,H2906T109,GARMIN LTD,USD,47.2400,14,0001121788
141459,01,20150624,GRMN,H2906T109,GARMIN LTD,USD,46.0500,14,0001121788
141459,01,20150625,GRMN,H2906T109,GARMIN LTD,USD,45.7250,14,0001121788
141459,01,20150626,GRMN,H2906T109,GARMIN LTD,USD,45.5700,14,0001121788
141459,01,20150629,GRMN,H2906T109,GARMIN LTD,USD,43.9800,14,0001121788
141459,01,20150630,GRMN,H2906T109,GARMIN LTD,USD,43.9300,14,0001121788
141459,01,20150701,GRMN,H2906T109,GARMIN LTD,USD,44.0100,14,0001121788
141459,01,20150702,GRMN,H2906T109,GARMIN LTD,USD,44.0900,14,0001121788
141459,01,20150706,GRMN,H2906T109,GARMIN LTD,USD,43.3000,14,0001121788
141459,01,20150707,GRMN,H2906T109,GARMIN LTD,USD,43.6700,14,0001121788
141459,01,20150708,GRMN,H2906T109,GARMIN LTD,USD,43.3800,14,0001121788
141459,01,20150709,GRMN,H2906T109,GARMIN LTD,USD,43.5600,14,0001121788
141459,01,20150710,GRMN,H2906T109,GARMIN LTD,USD,44.1700,14,0001121788
141459,01,20150713,GRMN,H2906T109,GARMIN LTD,USD,46.3700,14,0001121788
141459,01,20150714,GRMN,H2906T109,GARMIN LTD,USD,46.4000,14,0001121788
141459,01,20150715,GRMN,H2906T109,GARMIN LTD,USD,46.4000,14,0001121788
141459,01,20150716,GRMN,H2906T109,GARMIN LTD,USD,43.1000,14,0001121788
141459,01,20150717,GRMN,H2906T109,GARMIN LTD,USD,42.8900,14,0001121788
141459,01,20150720,GRMN,H2906T109,GARMIN LTD,USD,42.5100,14,0001121788
141459,01,20150721,GRMN,H2906T109,GARMIN LTD,USD,42.6700,14,0001121788
141459,01,20150722,GRMN,H2906T109,GARMIN LTD,USD,42.8300,14,0001121788
141459,01,20150723,GRMN,H2906T109,GARMIN LTD,USD,42.9200,14,0001121788
141459,01,20150724,GRMN,H2906T109,GARMIN LTD,USD,42.4800,14,0001121788
141459,01,20150727,GRMN,H2906T109,GARMIN LTD,USD,42.1100,14,0001121788
141459,01,20150728,GRMN,H2906T109,GARMIN LTD,USD,42.7900,14,0001121788
141459,01,20150729,GRMN,H2906T109,GARMIN LTD,USD,42.6900,14,0001121788
141459,01,20150730,GRMN,H2906T109,GARMIN LTD,USD,42.1900,14,0001121788
141459,01,20150731,GRMN,H2906T109,GARMIN LTD,USD,41.9100,14,0001121788
141459,01,20150803,GRMN,H2906T109,GARMIN LTD,USD,41.4500,14,0001121788
141459,01,20150804,GRMN,H2906T109,GARMIN LTD,USD,41.0100,14,0001121788
141459,01,20150805,GRMN,H2906T109,GARMIN LTD,USD,41.4300,14,0001121788
141459,01,20150806,GRMN,H2906T109,GARMIN LTD,USD,40.7100,14,0001121788
141459,01,20150807,GRMN,H2906T109,GARMIN LTD,USD,40.6200,14,0001121788
141459,01,20150810,GRMN,H2906T109,GARMIN LTD,USD,41.0800,14,0001121788
141459,01,20150811,GRMN,H2906T109,GARMIN LTD,USD,40.2400,14,0001121788
141459,01,20150812,GRMN,H2906T109,GARMIN LTD,USD,40.3400,14,0001121788
141459,01,20150813,GRMN,H2906T109,GARMIN LTD,USD,39.9500,14,0001121788
141459,01,20150814,GRMN,H2906T109,GARMIN LTD,USD,39.9000,14,0001121788
141459,01,20150817,GRMN,H2906T109,GARMIN LTD,USD,40.4200,14,0001121788
141459,01,20150818,GRMN,H2906T109,GARMIN LTD,USD,40.2900,14,0001121788
141459,01,20150819,GRMN,H2906T109,GARMIN LTD,USD,39.8600,14,0001121788
141459,01,20150820,GRMN,H2906T109,GARMIN LTD,USD,39.0000,14,0001121788
141459,01,20150821,GRMN,H2906T109,GARMIN LTD,USD,38.2600,14,0001121788
141459,01,20150824,GRMN,H2906T109,GARMIN LTD,USD,37.0100,14,0001121788
141459,01,20150825,GRMN,H2906T109,GARMIN LTD,USD,36.7000,14,0001121788
141459,01,20150826,GRMN,H2906T109,GARMIN LTD,USD,37.7200,14,0001121788
141459,01,20150827,GRMN,H2906T109,GARMIN LTD,USD,38.1600,14,0001121788
141459,01,20150828,GRMN,H2906T109,GARMIN LTD,USD,37.9900,14,0001121788
141459,01,20150831,GRMN,H2906T109,GARMIN LTD,USD,37.6100,14,0001121788
141459,01,20150901,GRMN,H2906T109,GARMIN LTD,USD,36.8100,14,0001121788
141459,01,20150902,GRMN,H2906T109,GARMIN LTD,USD,37.2200,14,0001121788
141459,01,20150903,GRMN,H2906T109,GARMIN LTD,USD,37.2600,14,0001121788
141459,01,20150904,GRMN,H2906T109,GARMIN LTD,USD,36.5000,14,0001121788
141459,01,20150908,GRMN,H2906T109,GARMIN LTD,USD,37.6700,14,0001121788
141459,01,20150909,GRMN,H2906T109,GARMIN LTD,USD,36.6800,14,0001121788
141459,01,20150910,GRMN,H2906T109,GARMIN LTD,USD,36.3600,14,0001121788
141459,01,20150911,GRMN,H2906T109,GARMIN LTD,USD,35.8900,14,0001121788
141459,01,20150914,GRMN,H2906T109,GARMIN LTD,USD,35.8100,14,0001121788
141459,01,20150915,GRMN,H2906T109,GARMIN LTD,USD,36.1400,14,0001121788
141459,01,20150916,GRMN,H2906T109,GARMIN LTD,USD,36.7100,14,0001121788
141459,01,20150917,GRMN,H2906T109,GARMIN LTD,USD,36.5700,14,0001121788
141459,01,20150918,GRMN,H2906T109,GARMIN LTD,USD,36.2300,14,0001121788
141459,01,20150921,GRMN,H2906T109,GARMIN LTD,USD,36.5400,14,0001121788
141459,01,20150922,GRMN,H2906T109,GARMIN LTD,USD,35.9000,14,0001121788
141459,01,20150923,GRMN,H2906T109,GARMIN LTD,USD,35.6200,14,0001121788
141459,01,20150924,GRMN,H2906T109,GARMIN LTD,USD,35.6300,14,0001121788
141459,01,20150925,GRMN,H2906T109,GARMIN LTD,USD,35.4500,14,0001121788
141459,01,20150928,GRMN,H2906T109,GARMIN LTD,USD,35.2100,14,0001121788
141459,01,20150929,GRMN,H2906T109,GARMIN LTD,USD,35.1900,14,0001121788
141459,01,20150930,GRMN,H2906T109,GARMIN LTD,USD,35.8800,14,0001121788
141459,01,20151001,GRMN,H2906T109,GARMIN LTD,USD,35.3800,14,0001121788
141459,01,20151002,GRMN,H2906T109,GARMIN LTD,USD,35.8500,14,0001121788
141459,01,20151005,GRMN,H2906T109,GARMIN LTD,USD,36.6400,14,0001121788
141459,01,20151006,GRMN,H2906T109,GARMIN LTD,USD,36.5100,14,0001121788
141459,01,20151007,GRMN,H2906T109,GARMIN LTD,USD,36.9000,14,0001121788
141459,01,20151008,GRMN,H2906T109,GARMIN LTD,USD,36.9800,14,0001121788
141459,01,20151009,GRMN,H2906T109,GARMIN LTD,USD,37.0700,14,0001121788
141459,01,20151012,GRMN,H2906T109,GARMIN LTD,USD,36.9500,14,0001121788
141459,01,20151013,GRMN,H2906T109,GARMIN LTD,USD,36.8200,14,0001121788
141459,01,20151014,GRMN,H2906T109,GARMIN LTD,USD,36.9600,14,0001121788
141459,01,20151015,GRMN,H2906T109,GARMIN LTD,USD,32.2800,14,0001121788
141459,01,20151016,GRMN,H2906T109,GARMIN LTD,USD,34.0900,14,0001121788
141459,01,20151019,GRMN,H2906T109,GARMIN LTD,USD,34.0300,14,0001121788
141459,01,20151020,GRMN,H2906T109,GARMIN LTD,USD,33.7200,14,0001121788
141459,01,20151021,GRMN,H2906T109,GARMIN LTD,USD,34.1000,14,0001121788
141459,01,20151022,GRMN,H2906T109,GARMIN LTD,USD,35.0600,14,0001121788
141459,01,20151023,GRMN,H2906T109,GARMIN LTD,USD,35.4000,14,0001121788
141459,01,20151026,GRMN,H2906T109,GARMIN LTD,USD,35.2400,14,0001121788
141459,01,20151027,GRMN,H2906T109,GARMIN LTD,USD,34.7900,14,0001121788
141459,01,20151028,GRMN,H2906T109,GARMIN LTD,USD,35.1300,14,0001121788
141459,01,20151029,GRMN,H2906T109,GARMIN LTD,USD,35.4000,14,0001121788
141459,01,20151030,GRMN,H2906T109,GARMIN LTD,USD,35.4700,14,0001121788
141459,01,20151102,GRMN,H2906T109,GARMIN LTD,USD,35.9300,14,0001121788
141459,01,20151103,GRMN,H2906T109,GARMIN LTD,USD,35.9300,14,0001121788
141459,01,20151104,GRMN,H2906T109,GARMIN LTD,USD,36.6200,14,0001121788
141459,01,20151105,GRMN,H2906T109,GARMIN LTD,USD,37.2000,14,0001121788
141459,01,20151106,GRMN,H2906T109,GARMIN LTD,USD,37.4400,14,0001121788
141459,01,20151109,GRMN,H2906T109,GARMIN LTD,USD,37.3100,14,0001121788
141459,01,20151110,GRMN,H2906T109,GARMIN LTD,USD,38.0900,14,0001121788
141459,01,20151111,GRMN,H2906T109,GARMIN LTD,USD,37.6300,14,0001121788
141459,01,20151112,GRMN,H2906T109,GARMIN LTD,USD,36.2800,14,0001121788
141459,01,20151113,GRMN,H2906T109,GARMIN LTD,USD,35.3900,14,0001121788
141459,01,20151116,GRMN,H2906T109,GARMIN LTD,USD,35.9400,14,0001121788
141459,01,20151117,GRMN,H2906T109,GARMIN LTD,USD,35.6800,14,0001121788
141459,01,20151118,GRMN,H2906T109,GARMIN LTD,USD,37.0100,14,0001121788
141459,01,20151119,GRMN,H2906T109,GARMIN LTD,USD,37.0000,14,0001121788
141459,01,20151120,GRMN,H2906T109,GARMIN LTD,USD,37.4100,14,0001121788
141459,01,20151123,GRMN,H2906T109,GARMIN LTD,USD,37.3100,14,0001121788
141459,01,20151124,GRMN,H2906T109,GARMIN LTD,USD,38.2700,14,0001121788
141459,01,20151125,GRMN,H2906T109,GARMIN LTD,USD,37.9400,14,0001121788
141459,01,20151127,GRMN,H2906T109,GARMIN LTD,USD,37.4800,14,0001121788
141459,01,20151130,GRMN,H2906T109,GARMIN LTD,USD,37.8500,14,0001121788
141459,01,20151201,GRMN,H2906T109,GARMIN LTD,USD,37.8700,14,0001121788
141459,01,20151202,GRMN,H2906T109,GARMIN LTD,USD,37.4800,14,0001121788
141459,01,20151203,GRMN,H2906T109,GARMIN LTD,USD,37.1700,14,0001121788
141459,01,20151204,GRMN,H2906T109,GARMIN LTD,USD,37.6400,14,0001121788
141459,01,20151207,GRMN,H2906T109,GARMIN LTD,USD,37.8100,14,0001121788
141459,01,20151208,GRMN,H2906T109,GARMIN LTD,USD,37.6400,14,0001121788
141459,01,20151209,GRMN,H2906T109,GARMIN LTD,USD,37.3700,14,0001121788
141459,01,20151210,GRMN,H2906T109,GARMIN LTD,USD,37.1200,14,0001121788
141459,01,20151211,GRMN,H2906T109,GARMIN LTD,USD,35.4500,14,0001121788
141459,01,20151214,GRMN,H2906T109,GARMIN LTD,USD,34.8000,14,0001121788
141459,01,20151215,GRMN,H2906T109,GARMIN LTD,USD,35.5100,14,0001121788
141459,01,20151216,GRMN,H2906T109,GARMIN LTD,USD,36.4400,14,0001121788
141459,01,20151217,GRMN,H2906T109,GARMIN LTD,USD,35.5200,14,0001121788
141459,01,20151218,GRMN,H2906T109,GARMIN LTD,USD,35.2600,14,0001121788
141459,01,20151221,GRMN,H2906T109,GARMIN LTD,USD,35.5500,14,0001121788
141459,01,20151222,GRMN,H2906T109,GARMIN LTD,USD,36.2600,14,0001121788
141459,01,20151223,GRMN,H2906T109,GARMIN LTD,USD,36.8800,14,0001121788
141459,01,20151224,GRMN,H2906T109,GARMIN LTD,USD,36.9800,14,0001121788
141459,01,20151228,GRMN,H2906T109,GARMIN LTD,USD,36.9700,14,0001121788
141459,01,20151229,GRMN,H2906T109,GARMIN LTD,USD,37.2600,14,0001121788
141459,01,20151230,GRMN,H2906T109,GARMIN LTD,USD,37.3100,14,0001121788
141459,01,20151231,GRMN,H2906T109,GARMIN LTD,USD,37.1700,14,0001121788
141459,01,20160104,GRMN,H2906T109,GARMIN LTD,USD,36.8000,14,0001121788
141459,01,20160105,GRMN,H2906T109,GARMIN LTD,USD,36.9400,14,0001121788
141459,01,20160106,GRMN,H2906T109,GARMIN LTD,USD,35.9300,14,0001121788
141459,01,20160107,GRMN,H2906T109,GARMIN LTD,USD,34.9000,14,0001121788
141459,01,20160108,GRMN,H2906T109,GARMIN LTD,USD,33.5500,14,0001121788
141459,01,20160111,GRMN,H2906T109,GARMIN LTD,USD,33.2000,14,0001121788
141459,01,20160112,GRMN,H2906T109,GARMIN LTD,USD,33.1500,14,0001121788
141459,01,20160113,GRMN,H2906T109,GARMIN LTD,USD,32.4600,14,0001121788
141459,01,20160114,GRMN,H2906T109,GARMIN LTD,USD,33.1700,14,0001121788
141459,01,20160115,GRMN,H2906T109,GARMIN LTD,USD,32.5200,14,0001121788
141459,01,20160119,GRMN,H2906T109,GARMIN LTD,USD,32.2900,14,0001121788
141459,01,20160120,GRMN,H2906T109,GARMIN LTD,USD,32.3500,14,0001121788
141459,01,20160121,GRMN,H2906T109,GARMIN LTD,USD,33.1300,14,0001121788
141459,01,20160122,GRMN,H2906T109,GARMIN LTD,USD,33.8400,14,0001121788
141459,01,20160125,GRMN,H2906T109,GARMIN LTD,USD,33.2000,14,0001121788
141459,01,20160126,GRMN,H2906T109,GARMIN LTD,USD,33.8400,14,0001121788
141459,01,20160127,GRMN,H2906T109,GARMIN LTD,USD,33.7500,14,0001121788
141459,01,20160128,GRMN,H2906T109,GARMIN LTD,USD,33.8800,14,0001121788
141459,01,20160129,GRMN,H2906T109,GARMIN LTD,USD,35.1800,14,0001121788
141459,01,20160201,GRMN,H2906T109,GARMIN LTD,USD,35.0900,14,0001121788
141459,01,20160202,GRMN,H2906T109,GARMIN LTD,USD,34.1300,14,0001121788
141459,01,20160203,GRMN,H2906T109,GARMIN LTD,USD,34.2200,14,0001121788
141459,01,20160204,GRMN,H2906T109,GARMIN LTD,USD,35.1400,14,0001121788
141459,01,20160205,GRMN,H2906T109,GARMIN LTD,USD,34.6900,14,0001121788
141459,01,20160208,GRMN,H2906T109,GARMIN LTD,USD,34.3500,14,0001121788
141459,01,20160209,GRMN,H2906T109,GARMIN LTD,USD,33.9500,14,0001121788
141459,01,20160210,GRMN,H2906T109,GARMIN LTD,USD,34.4700,14,0001121788
141459,01,20160211,GRMN,H2906T109,GARMIN LTD,USD,33.8400,14,0001121788
141459,01,20160212,GRMN,H2906T109,GARMIN LTD,USD,34.3600,14,0001121788
141459,01,20160216,GRMN,H2906T109,GARMIN LTD,USD,35.2300,14,0001121788
141459,01,20160217,GRMN,H2906T109,GARMIN LTD,USD,41.0600,14,0001121788
141459,01,20160218,GRMN,H2906T109,GARMIN LTD,USD,40.7700,14,0001121788
141459,01,20160219,GRMN,H2906T109,GARMIN LTD,USD,39.9700,14,0001121788
141459,01,20160222,GRMN,H2906T109,GARMIN LTD,USD,40.9800,14,0001121788
141459,01,20160223,GRMN,H2906T109,GARMIN LTD,USD,40.7400,14,0001121788
141459,01,20160224,GRMN,H2906T109,GARMIN LTD,USD,40.6000,14,0001121788
141459,01,20160225,GRMN,H2906T109,GARMIN LTD,USD,40.3100,14,0001121788
141459,01,20160226,GRMN,H2906T109,GARMIN LTD,USD,40.4000,14,0001121788
141459,01,20160229,GRMN,H2906T109,GARMIN LTD,USD,40.5100,14,0001121788
141459,01,20160301,GRMN,H2906T109,GARMIN LTD,USD,41.4400,14,0001121788
141459,01,20160302,GRMN,H2906T109,GARMIN LTD,USD,40.9200,14,0001121788
141459,01,20160303,GRMN,H2906T109,GARMIN LTD,USD,40.9400,14,0001121788
141459,01,20160304,GRMN,H2906T109,GARMIN LTD,USD,40.7400,14,0001121788
141459,01,20160307,GRMN,H2906T109,GARMIN LTD,USD,40.4700,14,0001121788
141459,01,20160308,GRMN,H2906T109,GARMIN LTD,USD,39.3700,14,0001121788
141459,01,20160309,GRMN,H2906T109,GARMIN LTD,USD,39.2700,14,0001121788
141459,01,20160310,GRMN,H2906T109,GARMIN LTD,USD,39.8300,14,0001121788
141459,01,20160311,GRMN,H2906T109,GARMIN LTD,USD,39.7200,14,0001121788
141459,01,20160314,GRMN,H2906T109,GARMIN LTD,USD,39.2700,14,0001121788
141459,01,20160315,GRMN,H2906T109,GARMIN LTD,USD,39.0200,14,0001121788
141459,01,20160316,GRMN,H2906T109,GARMIN LTD,USD,39.3500,14,0001121788
141459,01,20160317,GRMN,H2906T109,GARMIN LTD,USD,39.5900,14,0001121788
141459,01,20160318,GRMN,H2906T109,GARMIN LTD,USD,39.6300,14,0001121788
141459,01,20160321,GRMN,H2906T109,GARMIN LTD,USD,39.9100,14,0001121788
141459,01,20160322,GRMN,H2906T109,GARMIN LTD,USD,39.9700,14,0001121788
141459,01,20160323,GRMN,H2906T109,GARMIN LTD,USD,39.3300,14,0001121788
141459,01,20160324,GRMN,H2906T109,GARMIN LTD,USD,38.9700,14,0001121788
141459,01,20160328,GRMN,H2906T109,GARMIN LTD,USD,39.1000,14,0001121788
141459,01,20160329,GRMN,H2906T109,GARMIN LTD,USD,39.4900,14,0001121788
141459,01,20160330,GRMN,H2906T109,GARMIN LTD,USD,39.8600,14,0001121788
141459,01,20160331,GRMN,H2906T109,GARMIN LTD,USD,39.9600,14,0001121788
141459,01,20160401,GRMN,H2906T109,GARMIN LTD,USD,39.6900,14,0001121788
141459,01,20160404,GRMN,H2906T109,GARMIN LTD,USD,40.0100,14,0001121788
141459,01,20160405,GRMN,H2906T109,GARMIN LTD,USD,40.0500,14,0001121788
141459,01,20160406,GRMN,H2906T109,GARMIN LTD,USD,40.0200,14,0001121788
141459,01,20160407,GRMN,H2906T109,GARMIN LTD,USD,39.5700,14,0001121788
141459,01,20160408,GRMN,H2906T109,GARMIN LTD,USD,39.6300,14,0001121788
141459,01,20160411,GRMN,H2906T109,GARMIN LTD,USD,39.9400,14,0001121788
141459,01,20160412,GRMN,H2906T109,GARMIN LTD,USD,40.4200,14,0001121788
141459,01,20160413,GRMN,H2906T109,GARMIN LTD,USD,42.3200,14,0001121788
141459,01,20160414,GRMN,H2906T109,GARMIN LTD,USD,42.0900,14,0001121788
141459,01,20160415,GRMN,H2906T109,GARMIN LTD,USD,42.2300,14,0001121788
141459,01,20160418,GRMN,H2906T109,GARMIN LTD,USD,42.2700,14,0001121788
141459,01,20160419,GRMN,H2906T109,GARMIN LTD,USD,42.6000,14,0001121788
141459,01,20160420,GRMN,H2906T109,GARMIN LTD,USD,42.8900,14,0001121788
141459,01,20160421,GRMN,H2906T109,GARMIN LTD,USD,42.2400,14,0001121788
141459,01,20160422,GRMN,H2906T109,GARMIN LTD,USD,42.7100,14,0001121788
141459,01,20160425,GRMN,H2906T109,GARMIN LTD,USD,42.0800,14,0001121788
141459,01,20160426,GRMN,H2906T109,GARMIN LTD,USD,42.2900,14,0001121788
141459,01,20160427,GRMN,H2906T109,GARMIN LTD,USD,43.8800,14,0001121788
141459,01,20160428,GRMN,H2906T109,GARMIN LTD,USD,43.2600,14,0001121788
141459,01,20160429,GRMN,H2906T109,GARMIN LTD,USD,42.6300,14,0001121788
141459,01,20160502,GRMN,H2906T109,GARMIN LTD,USD,43.0100,14,0001121788
141459,01,20160503,GRMN,H2906T109,GARMIN LTD,USD,42.2800,14,0001121788
141459,01,20160504,GRMN,H2906T109,GARMIN LTD,USD,41.2800,14,0001121788
141459,01,20160505,GRMN,H2906T109,GARMIN LTD,USD,41.0600,14,0001121788
141459,01,20160506,GRMN,H2906T109,GARMIN LTD,USD,40.8400,14,0001121788
141459,01,20160509,GRMN,H2906T109,GARMIN LTD,USD,40.4100,14,0001121788
141459,01,20160510,GRMN,H2906T109,GARMIN LTD,USD,40.8300,14,0001121788
141459,01,20160511,GRMN,H2906T109,GARMIN LTD,USD,40.2800,14,0001121788
141459,01,20160512,GRMN,H2906T109,GARMIN LTD,USD,40.1700,14,0001121788
141459,01,20160513,GRMN,H2906T109,GARMIN LTD,USD,40.0100,14,0001121788
141459,01,20160516,GRMN,H2906T109,GARMIN LTD,USD,40.4200,14,0001121788
141459,01,20160517,GRMN,H2906T109,GARMIN LTD,USD,40.0600,14,0001121788
141459,01,20160518,GRMN,H2906T109,GARMIN LTD,USD,39.9400,14,0001121788
141459,01,20160519,GRMN,H2906T109,GARMIN LTD,USD,39.8200,14,0001121788
141459,01,20160520,GRMN,H2906T109,GARMIN LTD,USD,40.2900,14,0001121788
141459,01,20160523,GRMN,H2906T109,GARMIN LTD,USD,40.4500,14,0001121788
141459,01,20160524,GRMN,H2906T109,GARMIN LTD,USD,41.1300,14,0001121788
141459,01,20160525,GRMN,H2906T109,GARMIN LTD,USD,41.2900,14,0001121788
141459,01,20160526,GRMN,H2906T109,GARMIN LTD,USD,41.4500,14,0001121788
141459,01,20160527,GRMN,H2906T109,GARMIN LTD,USD,41.7100,14,0001121788
141459,01,20160531,GRMN,H2906T109,GARMIN LTD,USD,42.5200,14,0001121788
141459,01,20160601,GRMN,H2906T109,GARMIN LTD,USD,42.3100,14,0001121788
141459,01,20160602,GRMN,H2906T109,GARMIN LTD,USD,42.8000,14,0001121788
141459,01,20160603,GRMN,H2906T109,GARMIN LTD,USD,42.3800,14,0001121788
141459,01,20160606,GRMN,H2906T109,GARMIN LTD,USD,42.7900,14,0001121788
141459,01,20160607,GRMN,H2906T109,GARMIN LTD,USD,43.2200,14,0001121788
141459,01,20160608,GRMN,H2906T109,GARMIN LTD,USD,43.2200,14,0001121788
141459,01,20160609,GRMN,H2906T109,GARMIN LTD,USD,43.2400,14,0001121788
141459,01,20160610,GRMN,H2906T109,GARMIN LTD,USD,42.5100,14,0001121788
141459,01,20160613,GRMN,H2906T109,GARMIN LTD,USD,42.4300,14,0001121788
141459,01,20160614,GRMN,H2906T109,GARMIN LTD,USD,42.5300,14,0001121788
141459,01,20160615,GRMN,H2906T109,GARMIN LTD,USD,42.2200,14,0001121788
141459,01,20160616,GRMN,H2906T109,GARMIN LTD,USD,41.8700,14,0001121788
141459,01,20160617,GRMN,H2906T109,GARMIN LTD,USD,42.0800,14,0001121788
141459,01,20160620,GRMN,H2906T109,GARMIN LTD,USD,42.5200,14,0001121788
141459,01,20160621,GRMN,H2906T109,GARMIN LTD,USD,42.5100,14,0001121788
141459,01,20160622,GRMN,H2906T109,GARMIN LTD,USD,42.3000,14,0001121788
141459,01,20160623,GRMN,H2906T109,GARMIN LTD,USD,43.2800,14,0001121788
141459,01,20160624,GRMN,H2906T109,GARMIN LTD,USD,40.7700,14,0001121788
141459,01,20160627,GRMN,H2906T109,GARMIN LTD,USD,39.6800,14,0001121788
141459,01,20160628,GRMN,H2906T109,GARMIN LTD,USD,40.6100,14,0001121788
141459,01,20160629,GRMN,H2906T109,GARMIN LTD,USD,41.4300,14,0001121788
141459,01,20160630,GRMN,H2906T109,GARMIN LTD,USD,42.4200,14,0001121788
141459,01,20160701,GRMN,H2906T109,GARMIN LTD,USD,42.4700,14,0001121788
141459,01,20160705,GRMN,H2906T109,GARMIN LTD,USD,41.9100,14,0001121788
141459,01,20160706,GRMN,H2906T109,GARMIN LTD,USD,42.0200,14,0001121788
141459,01,20160707,GRMN,H2906T109,GARMIN LTD,USD,42.5900,14,0001121788
141459,01,20160708,GRMN,H2906T109,GARMIN LTD,USD,43.3700,14,0001121788
141459,01,20160711,GRMN,H2906T109,GARMIN LTD,USD,43.7400,14,0001121788
141459,01,20160712,GRMN,H2906T109,GARMIN LTD,USD,44.7100,14,0001121788
141459,01,20160713,GRMN,H2906T109,GARMIN LTD,USD,44.3100,14,0001121788
141459,01,20160714,GRMN,H2906T109,GARMIN LTD,USD,44.7400,14,0001121788
141459,01,20160715,GRMN,H2906T109,GARMIN LTD,USD,45.0100,14,0001121788
141459,01,20160718,GRMN,H2906T109,GARMIN LTD,USD,45.4300,14,0001121788
141459,01,20160719,GRMN,H2906T109,GARMIN LTD,USD,45.6600,14,0001121788
141459,01,20160720,GRMN,H2906T109,GARMIN LTD,USD,45.7000,14,0001121788
141459,01,20160721,GRMN,H2906T109,GARMIN LTD,USD,45.7100,14,0001121788
141459,01,20160722,GRMN,H2906T109,GARMIN LTD,USD,46.0500,14,0001121788
141459,01,20160725,GRMN,H2906T109,GARMIN LTD,USD,45.9200,14,0001121788
141459,01,20160726,GRMN,H2906T109,GARMIN LTD,USD,46.3900,14,0001121788
141459,01,20160727,GRMN,H2906T109,GARMIN LTD,USD,51.7900,14,0001121788
141459,01,20160728,GRMN,H2906T109,GARMIN LTD,USD,53.5400,14,0001121788
141459,01,20160729,GRMN,H2906T109,GARMIN LTD,USD,54.3300,14,0001121788
141459,01,20160801,GRMN,H2906T109,GARMIN LTD,USD,55.7500,14,0001121788
141459,01,20160802,GRMN,H2906T109,GARMIN LTD,USD,54.8600,14,0001121788
141459,01,20160803,GRMN,H2906T109,GARMIN LTD,USD,55.4600,14,0001121788
141459,01,20160804,GRMN,H2906T109,GARMIN LTD,USD,54.5400,14,0001121788
141459,01,20160805,GRMN,H2906T109,GARMIN LTD,USD,54.9200,14,0001121788
141459,01,20160808,GRMN,H2906T109,GARMIN LTD,USD,54.8600,14,0001121788
141459,01,20160809,GRMN,H2906T109,GARMIN LTD,USD,54.3600,14,0001121788
141459,01,20160810,GRMN,H2906T109,GARMIN LTD,USD,55.0800,14,0001121788
141459,01,20160811,GRMN,H2906T109,GARMIN LTD,USD,55.2900,14,0001121788
141459,01,20160812,GRMN,H2906T109,GARMIN LTD,USD,55.1000,14,0001121788
141459,01,20160815,GRMN,H2906T109,GARMIN LTD,USD,55.5800,14,0001121788
141459,01,20160816,GRMN,H2906T109,GARMIN LTD,USD,55.1800,14,0001121788
141459,01,20160817,GRMN,H2906T109,GARMIN LTD,USD,54.7500,14,0001121788
141459,01,20160818,GRMN,H2906T109,GARMIN LTD,USD,54.8200,14,0001121788
141459,01,20160819,GRMN,H2906T109,GARMIN LTD,USD,54.3800,14,0001121788
141459,01,20160822,GRMN,H2906T109,GARMIN LTD,USD,53.1600,14,0001121788
141459,01,20160823,GRMN,H2906T109,GARMIN LTD,USD,53.6700,14,0001121788
141459,01,20160824,GRMN,H2906T109,GARMIN LTD,USD,50.5900,14,0001121788
141459,01,20160825,GRMN,H2906T109,GARMIN LTD,USD,50.5200,14,0001121788
141459,01,20160826,GRMN,H2906T109,GARMIN LTD,USD,50.2000,14,0001121788
141459,01,20160829,GRMN,H2906T109,GARMIN LTD,USD,50.1700,14,0001121788
141459,01,20160830,GRMN,H2906T109,GARMIN LTD,USD,49.3200,14,0001121788
141459,01,20160831,GRMN,H2906T109,GARMIN LTD,USD,49.0800,14,0001121788
141459,01,20160901,GRMN,H2906T109,GARMIN LTD,USD,48.8600,14,0001121788
141459,01,20160902,GRMN,H2906T109,GARMIN LTD,USD,48.7500,14,0001121788
141459,01,20160906,GRMN,H2906T109,GARMIN LTD,USD,49.0200,14,0001121788
141459,01,20160907,GRMN,H2906T109,GARMIN LTD,USD,49.1000,14,0001121788
141459,01,20160908,GRMN,H2906T109,GARMIN LTD,USD,48.9200,14,0001121788
141459,01,20160909,GRMN,H2906T109,GARMIN LTD,USD,47.4400,14,0001121788
141459,01,20160912,GRMN,H2906T109,GARMIN LTD,USD,47.8600,14,0001121788
141459,01,20160913,GRMN,H2906T109,GARMIN LTD,USD,46.9500,14,0001121788
141459,01,20160914,GRMN,H2906T109,GARMIN LTD,USD,46.7500,14,0001121788
141459,01,20160915,GRMN,H2906T109,GARMIN LTD,USD,47.5400,14,0001121788
141459,01,20160916,GRMN,H2906T109,GARMIN LTD,USD,47.2300,14,0001121788
141459,01,20160919,GRMN,H2906T109,GARMIN LTD,USD,47.7500,14,0001121788
141459,01,20160920,GRMN,H2906T109,GARMIN LTD,USD,47.5500,14,0001121788
141459,01,20160921,GRMN,H2906T109,GARMIN LTD,USD,48.3600,14,0001121788
141459,01,20160922,GRMN,H2906T109,GARMIN LTD,USD,48.6800,14,0001121788
141459,01,20160923,GRMN,H2906T109,GARMIN LTD,USD,48.5000,14,0001121788
141459,01,20160926,GRMN,H2906T109,GARMIN LTD,USD,48.2900,14,0001121788
141459,01,20160927,GRMN,H2906T109,GARMIN LTD,USD,49.0100,14,0001121788
141459,01,20160928,GRMN,H2906T109,GARMIN LTD,USD,48.9800,14,0001121788
141459,01,20160929,GRMN,H2906T109,GARMIN LTD,USD,48.1500,14,0001121788
141459,01,20160930,GRMN,H2906T109,GARMIN LTD,USD,48.1100,14,0001121788
141459,01,20161003,GRMN,H2906T109,GARMIN LTD,USD,48.2400,14,0001121788
141459,01,20161004,GRMN,H2906T109,GARMIN LTD,USD,47.9500,14,0001121788
141459,01,20161005,GRMN,H2906T109,GARMIN LTD,USD,48.4700,14,0001121788
141459,01,20161006,GRMN,H2906T109,GARMIN LTD,USD,48.3900,14,0001121788
141459,01,20161007,GRMN,H2906T109,GARMIN LTD,USD,48.5100,14,0001121788
141459,01,20161010,GRMN,H2906T109,GARMIN LTD,USD,48.6700,14,0001121788
141459,01,20161011,GRMN,H2906T109,GARMIN LTD,USD,48.0600,14,0001121788
141459,01,20161012,GRMN,H2906T109,GARMIN LTD,USD,48.2500,14,0001121788
141459,01,20161013,GRMN,H2906T109,GARMIN LTD,USD,47.9800,14,0001121788
141459,01,20161014,GRMN,H2906T109,GARMIN LTD,USD,48.3300,14,0001121788
141459,01,20161017,GRMN,H2906T109,GARMIN LTD,USD,47.8800,14,0001121788
141459,01,20161018,GRMN,H2906T109,GARMIN LTD,USD,48.6400,14,0001121788
141459,01,20161019,GRMN,H2906T109,GARMIN LTD,USD,48.5900,14,0001121788
141459,01,20161020,GRMN,H2906T109,GARMIN LTD,USD,48.5900,14,0001121788
141459,01,20161021,GRMN,H2906T109,GARMIN LTD,USD,48.6000,14,0001121788
141459,01,20161024,GRMN,H2906T109,GARMIN LTD,USD,48.8800,14,0001121788
141459,01,20161025,GRMN,H2906T109,GARMIN LTD,USD,49.5100,14,0001121788
141459,01,20161026,GRMN,H2906T109,GARMIN LTD,USD,49.7500,14,0001121788
141459,01,20161027,GRMN,H2906T109,GARMIN LTD,USD,47.8500,14,0001121788
141459,01,20161028,GRMN,H2906T109,GARMIN LTD,USD,47.8700,14,0001121788
141459,01,20161031,GRMN,H2906T109,GARMIN LTD,USD,48.3600,14,0001121788
141459,01,20161101,GRMN,H2906T109,GARMIN LTD,USD,49.0000,14,0001121788
141459,01,20161102,GRMN,H2906T109,GARMIN LTD,USD,48.1200,14,0001121788
141459,01,20161103,GRMN,H2906T109,GARMIN LTD,USD,47.3800,14,0001121788
141459,01,20161104,GRMN,H2906T109,GARMIN LTD,USD,47.0100,14,0001121788
141459,01,20161107,GRMN,H2906T109,GARMIN LTD,USD,47.8800,14,0001121788
141459,01,20161108,GRMN,H2906T109,GARMIN LTD,USD,48.1700,14,0001121788
141459,01,20161109,GRMN,H2906T109,GARMIN LTD,USD,48.9400,14,0001121788
141459,01,20161110,GRMN,H2906T109,GARMIN LTD,USD,49.4700,14,0001121788
141459,01,20161111,GRMN,H2906T109,GARMIN LTD,USD,49.9500,14,0001121788
141459,01,20161114,GRMN,H2906T109,GARMIN LTD,USD,52.2400,14,0001121788
141459,01,20161115,GRMN,H2906T109,GARMIN LTD,USD,52.7200,14,0001121788
141459,01,20161116,GRMN,H2906T109,GARMIN LTD,USD,52.6500,14,0001121788
141459,01,20161117,GRMN,H2906T109,GARMIN LTD,USD,52.0100,14,0001121788
141459,01,20161118,GRMN,H2906T109,GARMIN LTD,USD,51.7100,14,0001121788
141459,01,20161121,GRMN,H2906T109,GARMIN LTD,USD,52.1800,14,0001121788
141459,01,20161122,GRMN,H2906T109,GARMIN LTD,USD,52.6900,14,0001121788
141459,01,20161123,GRMN,H2906T109,GARMIN LTD,USD,52.5300,14,0001121788
141459,01,20161125,GRMN,H2906T109,GARMIN LTD,USD,52.7900,14,0001121788
141459,01,20161128,GRMN,H2906T109,GARMIN LTD,USD,52.8700,14,0001121788
141459,01,20161129,GRMN,H2906T109,GARMIN LTD,USD,51.9900,14,0001121788
141459,01,20161130,GRMN,H2906T109,GARMIN LTD,USD,52.1600,14,0001121788
141459,01,20161201,GRMN,H2906T109,GARMIN LTD,USD,51.5400,14,0001121788
141459,01,20161202,GRMN,H2906T109,GARMIN LTD,USD,51.5100,14,0001121788
141459,01,20161205,GRMN,H2906T109,GARMIN LTD,USD,52.1300,14,0001121788
141459,01,20161206,GRMN,H2906T109,GARMIN LTD,USD,51.5200,14,0001121788
141459,01,20161207,GRMN,H2906T109,GARMIN LTD,USD,51.6600,14,0001121788
141459,01,20161208,GRMN,H2906T109,GARMIN LTD,USD,51.5600,14,0001121788
141459,01,20161209,GRMN,H2906T109,GARMIN LTD,USD,50.0200,14,0001121788
141459,01,20161212,GRMN,H2906T109,GARMIN LTD,USD,49.6500,14,0001121788
141459,01,20161213,GRMN,H2906T109,GARMIN LTD,USD,49.7100,14,0001121788
141459,01,20161214,GRMN,H2906T109,GARMIN LTD,USD,48.8900,14,0001121788
141459,01,20161215,GRMN,H2906T109,GARMIN LTD,USD,49.5000,14,0001121788
141459,01,20161216,GRMN,H2906T109,GARMIN LTD,USD,48.9900,14,0001121788
141459,01,20161219,GRMN,H2906T109,GARMIN LTD,USD,49.3900,14,0001121788
141459,01,20161220,GRMN,H2906T109,GARMIN LTD,USD,49.7400,14,0001121788
141459,01,20161221,GRMN,H2906T109,GARMIN LTD,USD,50.0500,14,0001121788
141459,01,20161222,GRMN,H2906T109,GARMIN LTD,USD,50.4400,14,0001121788
141459,01,20161223,GRMN,H2906T109,GARMIN LTD,USD,50.4700,14,0001121788
141459,01,20161227,GRMN,H2906T109,GARMIN LTD,USD,50.6500,14,0001121788
141459,01,20161228,GRMN,H2906T109,GARMIN LTD,USD,49.2200,14,0001121788
141459,01,20161229,GRMN,H2906T109,GARMIN LTD,USD,49.0100,14,0001121788
141459,01,20161230,GRMN,H2906T109,GARMIN LTD,USD,48.4900,14,0001121788
141459,01,20170103,GRMN,H2906T109,GARMIN LTD,USD,49.1900,14,0001121788
141459,01,20170104,GRMN,H2906T109,GARMIN LTD,USD,49.8300,14,0001121788
141459,01,20170105,GRMN,H2906T109,GARMIN LTD,USD,49.4900,14,0001121788
141459,01,20170106,GRMN,H2906T109,GARMIN LTD,USD,49.0400,14,0001121788
141459,01,20170109,GRMN,H2906T109,GARMIN LTD,USD,48.0900,14,0001121788
141459,01,20170110,GRMN,H2906T109,GARMIN LTD,USD,47.9300,14,0001121788
141459,01,20170111,GRMN,H2906T109,GARMIN LTD,USD,48.2600,14,0001121788
141459,01,20170112,GRMN,H2906T109,GARMIN LTD,USD,48.3700,14,0001121788
141459,01,20170113,GRMN,H2906T109,GARMIN LTD,USD,48.5200,14,0001121788
141459,01,20170117,GRMN,H2906T109,GARMIN LTD,USD,47.9400,14,0001121788
141459,01,20170118,GRMN,H2906T109,GARMIN LTD,USD,47.7600,14,0001121788
141459,01,20170119,GRMN,H2906T109,GARMIN LTD,USD,47.6100,14,0001121788
141459,01,20170120,GRMN,H2906T109,GARMIN LTD,USD,47.8700,14,0001121788
141459,01,20170123,GRMN,H2906T109,GARMIN LTD,USD,48.1800,14,0001121788
141459,01,20170124,GRMN,H2906T109,GARMIN LTD,USD,49.0800,14,0001121788
141459,01,20170125,GRMN,H2906T109,GARMIN LTD,USD,49.7500,14,0001121788
141459,01,20170126,GRMN,H2906T109,GARMIN LTD,USD,49.0800,14,0001121788
141459,01,20170127,GRMN,H2906T109,GARMIN LTD,USD,49.0000,14,0001121788
141459,01,20170130,GRMN,H2906T109,GARMIN LTD,USD,47.3500,14,0001121788
141459,01,20170131,GRMN,H2906T109,GARMIN LTD,USD,48.2900,14,0001121788
141459,01,20170201,GRMN,H2906T109,GARMIN LTD,USD,48.1300,14,0001121788
141459,01,20170202,GRMN,H2906T109,GARMIN LTD,USD,49.8000,14,0001121788
141459,01,20170203,GRMN,H2906T109,GARMIN LTD,USD,49.8400,14,0001121788
141459,01,20170206,GRMN,H2906T109,GARMIN LTD,USD,50.2600,14,0001121788
141459,01,20170207,GRMN,H2906T109,GARMIN LTD,USD,49.5300,14,0001121788
141459,01,20170208,GRMN,H2906T109,GARMIN LTD,USD,48.8500,14,0001121788
141459,01,20170209,GRMN,H2906T109,GARMIN LTD,USD,49.1300,14,0001121788
141459,01,20170210,GRMN,H2906T109,GARMIN LTD,USD,49.7800,14,0001121788
141459,01,20170213,GRMN,H2906T109,GARMIN LTD,USD,50.3400,14,0001121788
141459,01,20170214,GRMN,H2906T109,GARMIN LTD,USD,50.2500,14,0001121788
141459,01,20170215,GRMN,H2906T109,GARMIN LTD,USD,50.8200,14,0001121788
141459,01,20170216,GRMN,H2906T109,GARMIN LTD,USD,50.9500,14,0001121788
141459,01,20170217,GRMN,H2906T109,GARMIN LTD,USD,50.8100,14,0001121788
141459,01,20170221,GRMN,H2906T109,GARMIN LTD,USD,50.4500,14,0001121788
141459,01,20170222,GRMN,H2906T109,GARMIN LTD,USD,54.1500,14,0001121788
141459,01,20170223,GRMN,H2906T109,GARMIN LTD,USD,52.3100,14,0001121788
141459,01,20170224,GRMN,H2906T109,GARMIN LTD,USD,53.0300,14,0001121788
141459,01,20170227,GRMN,H2906T109,GARMIN LTD,USD,52.6100,14,0001121788
141459,01,20170228,GRMN,H2906T109,GARMIN LTD,USD,51.6100,14,0001121788
141459,01,20170301,GRMN,H2906T109,GARMIN LTD,USD,52.3400,14,0001121788
141459,01,20170302,GRMN,H2906T109,GARMIN LTD,USD,51.7200,14,0001121788
141459,01,20170303,GRMN,H2906T109,GARMIN LTD,USD,51.5200,14,0001121788
141459,01,20170306,GRMN,H2906T109,GARMIN LTD,USD,51.7600,14,0001121788
141459,01,20170307,GRMN,H2906T109,GARMIN LTD,USD,51.5100,14,0001121788
141459,01,20170308,GRMN,H2906T109,GARMIN LTD,USD,51.9900,14,0001121788
141459,01,20170309,GRMN,H2906T109,GARMIN LTD,USD,52.1100,14,0001121788
141459,01,20170310,GRMN,H2906T109,GARMIN LTD,USD,52.5100,14,0001121788
141459,01,20170313,GRMN,H2906T109,GARMIN LTD,USD,51.8500,14,0001121788
141459,01,20170314,GRMN,H2906T109,GARMIN LTD,USD,51.4200,14,0001121788
141459,01,20170315,GRMN,H2906T109,GARMIN LTD,USD,51.9000,14,0001121788
141459,01,20170316,GRMN,H2906T109,GARMIN LTD,USD,52.3600,14,0001121788
141459,01,20170317,GRMN,H2906T109,GARMIN LTD,USD,52.3600,14,0001121788
141459,01,20170320,GRMN,H2906T109,GARMIN LTD,USD,52.6500,14,0001121788
141459,01,20170321,GRMN,H2906T109,GARMIN LTD,USD,51.5200,14,0001121788
141459,01,20170322,GRMN,H2906T109,GARMIN LTD,USD,51.2100,14,0001121788
141459,01,20170323,GRMN,H2906T109,GARMIN LTD,USD,51.4800,14,0001121788
141459,01,20170324,GRMN,H2906T109,GARMIN LTD,USD,51.1000,14,0001121788
141459,01,20170327,GRMN,H2906T109,GARMIN LTD,USD,50.7700,14,0001121788
141459,01,20170328,GRMN,H2906T109,GARMIN LTD,USD,51.0100,14,0001121788
141459,01,20170329,GRMN,H2906T109,GARMIN LTD,USD,50.9600,14,0001121788
141459,01,20170330,GRMN,H2906T109,GARMIN LTD,USD,51.0900,14,0001121788
141459,01,20170331,GRMN,H2906T109,GARMIN LTD,USD,51.1100,14,0001121788
141459,01,20170403,GRMN,H2906T109,GARMIN LTD,USD,50.2400,14,0001121788
141459,01,20170404,GRMN,H2906T109,GARMIN LTD,USD,49.9900,14,0001121788
141459,01,20170405,GRMN,H2906T109,GARMIN LTD,USD,49.8200,14,0001121788
141459,01,20170406,GRMN,H2906T109,GARMIN LTD,USD,50.0800,14,0001121788
141459,01,20170407,GRMN,H2906T109,GARMIN LTD,USD,50.3700,14,0001121788
141459,01,20170410,GRMN,H2906T109,GARMIN LTD,USD,50.5400,14,0001121788
141459,01,20170411,GRMN,H2906T109,GARMIN LTD,USD,49.9900,14,0001121788
141459,01,20170412,GRMN,H2906T109,GARMIN LTD,USD,49.2900,14,0001121788
141459,01,20170413,GRMN,H2906T109,GARMIN LTD,USD,48.6900,14,0001121788
141459,01,20170417,GRMN,H2906T109,GARMIN LTD,USD,48.9800,14,0001121788
141459,01,20170418,GRMN,H2906T109,GARMIN LTD,USD,49.2600,14,0001121788
141459,01,20170419,GRMN,H2906T109,GARMIN LTD,USD,49.5800,14,0001121788
141459,01,20170420,GRMN,H2906T109,GARMIN LTD,USD,49.9800,14,0001121788
141459,01,20170421,GRMN,H2906T109,GARMIN LTD,USD,49.9500,14,0001121788
141459,01,20170424,GRMN,H2906T109,GARMIN LTD,USD,50.2900,14,0001121788
141459,01,20170425,GRMN,H2906T109,GARMIN LTD,USD,50.7400,14,0001121788
141459,01,20170426,GRMN,H2906T109,GARMIN LTD,USD,50.5700,14,0001121788
141459,01,20170427,GRMN,H2906T109,GARMIN LTD,USD,51.2100,14,0001121788
141459,01,20170428,GRMN,H2906T109,GARMIN LTD,USD,50.8400,14,0001121788
141459,01,20170501,GRMN,H2906T109,GARMIN LTD,USD,51.8300,14,0001121788
141459,01,20170502,GRMN,H2906T109,GARMIN LTD,USD,51.2400,14,0001121788
141459,01,20170503,GRMN,H2906T109,GARMIN LTD,USD,50.6800,14,0001121788
141459,01,20170504,GRMN,H2906T109,GARMIN LTD,USD,51.4200,14,0001121788
141459,01,20170505,GRMN,H2906T109,GARMIN LTD,USD,52.4900,14,0001121788
141459,01,20170508,GRMN,H2906T109,GARMIN LTD,USD,51.9600,14,0001121788
141459,01,20170509,GRMN,H2906T109,GARMIN LTD,USD,52.0100,14,0001121788
141459,01,20170510,GRMN,H2906T109,GARMIN LTD,USD,52.6200,14,0001121788
141459,01,20170511,GRMN,H2906T109,GARMIN LTD,USD,52.3600,14,0001121788
141459,01,20170512,GRMN,H2906T109,GARMIN LTD,USD,52.1500,14,0001121788
141459,01,20170515,GRMN,H2906T109,GARMIN LTD,USD,52.3900,14,0001121788
141459,01,20170516,GRMN,H2906T109,GARMIN LTD,USD,52.6000,14,0001121788
141459,01,20170517,GRMN,H2906T109,GARMIN LTD,USD,51.1000,14,0001121788
141459,01,20170518,GRMN,H2906T109,GARMIN LTD,USD,51.0000,14,0001121788
141459,01,20170519,GRMN,H2906T109,GARMIN LTD,USD,51.2200,14,0001121788
141459,01,20170522,GRMN,H2906T109,GARMIN LTD,USD,52.0300,14,0001121788
141459,01,20170523,GRMN,H2906T109,GARMIN LTD,USD,51.6800,14,0001121788
141459,01,20170524,GRMN,H2906T109,GARMIN LTD,USD,51.4900,14,0001121788
141459,01,20170525,GRMN,H2906T109,GARMIN LTD,USD,52.0800,14,0001121788
141459,01,20170526,GRMN,H2906T109,GARMIN LTD,USD,52.4000,14,0001121788
141459,01,20170530,GRMN,H2906T109,GARMIN LTD,USD,52.1100,14,0001121788
141459,01,20170531,GRMN,H2906T109,GARMIN LTD,USD,52.0400,14,0001121788
141459,01,20170601,GRMN,H2906T109,GARMIN LTD,USD,52.7400,14,0001121788
141459,01,20170602,GRMN,H2906T109,GARMIN LTD,USD,52.9500,14,0001121788
141459,01,20170605,GRMN,H2906T109,GARMIN LTD,USD,53.5800,14,0001121788
141459,01,20170606,GRMN,H2906T109,GARMIN LTD,USD,52.8400,14,0001121788
141459,01,20170607,GRMN,H2906T109,GARMIN LTD,USD,51.9000,14,0001121788
141459,01,20170608,GRMN,H2906T109,GARMIN LTD,USD,51.8900,14,0001121788
141459,01,20170609,GRMN,H2906T109,GARMIN LTD,USD,51.8900,14,0001121788
141459,01,20170612,GRMN,H2906T109,GARMIN LTD,USD,51.9100,14,0001121788
141459,01,20170613,GRMN,H2906T109,GARMIN LTD,USD,51.6100,14,0001121788
141459,01,20170614,GRMN,H2906T109,GARMIN LTD,USD,51.7200,14,0001121788
141459,01,20170615,GRMN,H2906T109,GARMIN LTD,USD,51.7000,14,0001121788
141459,01,20170616,GRMN,H2906T109,GARMIN LTD,USD,51.3400,14,0001121788
141459,01,20170619,GRMN,H2906T109,GARMIN LTD,USD,51.7900,14,0001121788
141459,01,20170620,GRMN,H2906T109,GARMIN LTD,USD,51.3600,14,0001121788
141459,01,20170621,GRMN,H2906T109,GARMIN LTD,USD,51.1700,14,0001121788
141459,01,20170622,GRMN,H2906T109,GARMIN LTD,USD,51.3900,14,0001121788
141459,01,20170623,GRMN,H2906T109,GARMIN LTD,USD,51.2800,14,0001121788
141459,01,20170626,GRMN,H2906T109,GARMIN LTD,USD,51.3000,14,0001121788
141459,01,20170627,GRMN,H2906T109,GARMIN LTD,USD,50.5700,14,0001121788
141459,01,20170628,GRMN,H2906T109,GARMIN LTD,USD,50.9500,14,0001121788
141459,01,20170629,GRMN,H2906T109,GARMIN LTD,USD,50.9400,14,0001121788
141459,01,20170630,GRMN,H2906T109,GARMIN LTD,USD,51.0300,14,0001121788
141459,01,20170703,GRMN,H2906T109,GARMIN LTD,USD,51.8200,14,0001121788
141459,01,20170705,GRMN,H2906T109,GARMIN LTD,USD,52.0700,14,0001121788
141459,01,20170706,GRMN,H2906T109,GARMIN LTD,USD,50.9800,14,0001121788
141459,01,20170707,GRMN,H2906T109,GARMIN LTD,USD,51.1700,14,0001121788
141459,01,20170710,GRMN,H2906T109,GARMIN LTD,USD,50.2600,14,0001121788
141459,01,20170711,GRMN,H2906T109,GARMIN LTD,USD,50.3000,14,0001121788
141459,01,20170712,GRMN,H2906T109,GARMIN LTD,USD,50.3000,14,0001121788
141459,01,20170713,GRMN,H2906T109,GARMIN LTD,USD,50.2400,14,0001121788
141459,01,20170714,GRMN,H2906T109,GARMIN LTD,USD,50.3000,14,0001121788
141459,01,20170717,GRMN,H2906T109,GARMIN LTD,USD,50.6000,14,0001121788
141459,01,20170718,GRMN,H2906T109,GARMIN LTD,USD,50.2100,14,0001121788
141459,01,20170719,GRMN,H2906T109,GARMIN LTD,USD,51.6600,14,0001121788
141459,01,20170720,GRMN,H2906T109,GARMIN LTD,USD,51.3300,14,0001121788
141459,01,20170721,GRMN,H2906T109,GARMIN LTD,USD,51.5900,14,0001121788
141459,01,20170724,GRMN,H2906T109,GARMIN LTD,USD,51.6800,14,0001121788
141459,01,20170725,GRMN,H2906T109,GARMIN LTD,USD,52.5600,14,0001121788
141459,01,20170726,GRMN,H2906T109,GARMIN LTD,USD,52.2500,14,0001121788
141459,01,20170727,GRMN,H2906T109,GARMIN LTD,USD,51.8800,14,0001121788
141459,01,20170728,GRMN,H2906T109,GARMIN LTD,USD,51.3200,14,0001121788
141459,01,20170731,GRMN,H2906T109,GARMIN LTD,USD,50.1900,14,0001121788
141459,01,20170801,GRMN,H2906T109,GARMIN LTD,USD,49.9900,14,0001121788
141459,01,20170802,GRMN,H2906T109,GARMIN LTD,USD,52.2200,14,0001121788
141459,01,20170803,GRMN,H2906T109,GARMIN LTD,USD,51.8200,14,0001121788
141459,01,20170804,GRMN,H2906T109,GARMIN LTD,USD,51.8800,14,0001121788
141459,01,20170807,GRMN,H2906T109,GARMIN LTD,USD,52.1000,14,0001121788
141459,01,20170808,GRMN,H2906T109,GARMIN LTD,USD,51.7600,14,0001121788
141459,01,20170809,GRMN,H2906T109,GARMIN LTD,USD,52.2800,14,0001121788
141459,01,20170810,GRMN,H2906T109,GARMIN LTD,USD,51.2900,14,0001121788
141459,01,20170811,GRMN,H2906T109,GARMIN LTD,USD,51.2100,14,0001121788
141459,01,20170814,GRMN,H2906T109,GARMIN LTD,USD,51.8000,14,0001121788
141459,01,20170815,GRMN,H2906T109,GARMIN LTD,USD,51.4000,14,0001121788
141459,01,20170816,GRMN,H2906T109,GARMIN LTD,USD,51.8800,14,0001121788
141459,01,20170817,GRMN,H2906T109,GARMIN LTD,USD,51.2000,14,0001121788
141459,01,20170818,GRMN,H2906T109,GARMIN LTD,USD,51.1700,14,0001121788
141459,01,20170821,GRMN,H2906T109,GARMIN LTD,USD,50.9800,14,0001121788
141459,01,20170822,GRMN,H2906T109,GARMIN LTD,USD,51.7000,14,0001121788
141459,01,20170823,GRMN,H2906T109,GARMIN LTD,USD,52.0400,14,0001121788
141459,01,20170824,GRMN,H2906T109,GARMIN LTD,USD,52.1800,14,0001121788
141459,01,20170825,GRMN,H2906T109,GARMIN LTD,USD,52.5300,14,0001121788
141459,01,20170828,GRMN,H2906T109,GARMIN LTD,USD,52.0500,14,0001121788
141459,01,20170829,GRMN,H2906T109,GARMIN LTD,USD,51.4900,14,0001121788
141459,01,20170830,GRMN,H2906T109,GARMIN LTD,USD,51.7300,14,0001121788
141459,01,20170831,GRMN,H2906T109,GARMIN LTD,USD,51.5000,14,0001121788
141459,01,20170901,GRMN,H2906T109,GARMIN LTD,USD,51.8200,14,0001121788
141459,01,20170905,GRMN,H2906T109,GARMIN LTD,USD,51.4600,14,0001121788
141459,01,20170906,GRMN,H2906T109,GARMIN LTD,USD,52.1100,14,0001121788
141459,01,20170907,GRMN,H2906T109,GARMIN LTD,USD,51.9600,14,0001121788
141459,01,20170908,GRMN,H2906T109,GARMIN LTD,USD,52.2600,14,0001121788
141459,01,20170911,GRMN,H2906T109,GARMIN LTD,USD,52.1500,14,0001121788
141459,01,20170912,GRMN,H2906T109,GARMIN LTD,USD,52.0100,14,0001121788
141459,01,20170913,GRMN,H2906T109,GARMIN LTD,USD,52.5400,14,0001121788
141459,01,20170914,GRMN,H2906T109,GARMIN LTD,USD,52.3100,14,0001121788
141459,01,20170915,GRMN,H2906T109,GARMIN LTD,USD,52.4800,14,0001121788
141459,01,20170918,GRMN,H2906T109,GARMIN LTD,USD,52.4900,14,0001121788
141459,01,20170919,GRMN,H2906T109,GARMIN LTD,USD,51.9400,14,0001121788
141459,01,20170920,GRMN,H2906T109,GARMIN LTD,USD,52.1800,14,0001121788
141459,01,20170921,GRMN,H2906T109,GARMIN LTD,USD,52.0000,14,0001121788
141459,01,20170922,GRMN,H2906T109,GARMIN LTD,USD,52.4100,14,0001121788
141459,01,20170925,GRMN,H2906T109,GARMIN LTD,USD,53.2000,14,0001121788
141459,01,20170926,GRMN,H2906T109,GARMIN LTD,USD,53.6800,14,0001121788
141459,01,20170927,GRMN,H2906T109,GARMIN LTD,USD,54.0300,14,0001121788
141459,01,20170928,GRMN,H2906T109,GARMIN LTD,USD,54.0400,14,0001121788
141459,01,20170929,GRMN,H2906T109,GARMIN LTD,USD,53.9700,14,0001121788
141459,01,20171002,GRMN,H2906T109,GARMIN LTD,USD,54.1600,14,0001121788
141459,01,20171003,GRMN,H2906T109,GARMIN LTD,USD,54.4200,14,0001121788
141459,01,20171004,GRMN,H2906T109,GARMIN LTD,USD,54.7700,14,0001121788
141459,01,20171005,GRMN,H2906T109,GARMIN LTD,USD,54.7900,14,0001121788
141459,01,20171006,GRMN,H2906T109,GARMIN LTD,USD,53.8300,14,0001121788
141459,01,20171009,GRMN,H2906T109,GARMIN LTD,USD,53.9200,14,0001121788
141459,01,20171010,GRMN,H2906T109,GARMIN LTD,USD,54.2600,14,0001121788
141459,01,20171011,GRMN,H2906T109,GARMIN LTD,USD,54.3800,14,0001121788
141459,01,20171012,GRMN,H2906T109,GARMIN LTD,USD,54.7000,14,0001121788
141459,01,20171013,GRMN,H2906T109,GARMIN LTD,USD,55.1700,14,0001121788
141459,01,20171016,GRMN,H2906T109,GARMIN LTD,USD,55.1500,14,0001121788
141459,01,20171017,GRMN,H2906T109,GARMIN LTD,USD,55.2000,14,0001121788
141459,01,20171018,GRMN,H2906T109,GARMIN LTD,USD,55.0800,14,0001121788
141459,01,20171019,GRMN,H2906T109,GARMIN LTD,USD,55.4500,14,0001121788
141459,01,20171020,GRMN,H2906T109,GARMIN LTD,USD,55.8000,14,0001121788
141459,01,20171023,GRMN,H2906T109,GARMIN LTD,USD,55.8000,14,0001121788
141459,01,20171024,GRMN,H2906T109,GARMIN LTD,USD,56.4100,14,0001121788
141459,01,20171025,GRMN,H2906T109,GARMIN LTD,USD,56.5500,14,0001121788
141459,01,20171026,GRMN,H2906T109,GARMIN LTD,USD,56.4700,14,0001121788
141459,01,20171027,GRMN,H2906T109,GARMIN LTD,USD,56.2900,14,0001121788
141459,01,20171030,GRMN,H2906T109,GARMIN LTD,USD,56.4900,14,0001121788
141459,01,20171031,GRMN,H2906T109,GARMIN LTD,USD,56.6100,14,0001121788
141459,01,20171101,GRMN,H2906T109,GARMIN LTD,USD,59.8000,14,0001121788
141459,01,20171102,GRMN,H2906T109,GARMIN LTD,USD,58.8600,14,0001121788
141459,01,20171103,GRMN,H2906T109,GARMIN LTD,USD,59.5500,14,0001121788
141459,01,20171106,GRMN,H2906T109,GARMIN LTD,USD,59.3000,14,0001121788
141459,01,20171107,GRMN,H2906T109,GARMIN LTD,USD,59.2100,14,0001121788
141459,01,20171108,GRMN,H2906T109,GARMIN LTD,USD,59.6500,14,0001121788
141459,01,20171109,GRMN,H2906T109,GARMIN LTD,USD,59.7200,14,0001121788
141459,01,20171110,GRMN,H2906T109,GARMIN LTD,USD,60.8300,14,0001121788
141459,01,20171113,GRMN,H2906T109,GARMIN LTD,USD,60.5800,14,0001121788
141459,01,20171114,GRMN,H2906T109,GARMIN LTD,USD,60.7500,14,0001121788
141459,01,20171115,GRMN,H2906T109,GARMIN LTD,USD,60.2900,14,0001121788
141459,01,20171116,GRMN,H2906T109,GARMIN LTD,USD,60.7500,14,0001121788
141459,01,20171117,GRMN,H2906T109,GARMIN LTD,USD,61.4500,14,0001121788
141459,01,20171120,GRMN,H2906T109,GARMIN LTD,USD,61.5200,14,0001121788
141459,01,20171121,GRMN,H2906T109,GARMIN LTD,USD,62.4900,14,0001121788
141459,01,20171122,GRMN,H2906T109,GARMIN LTD,USD,61.5300,14,0001121788
141459,01,20171124,GRMN,H2906T109,GARMIN LTD,USD,61.7900,14,0001121788
141459,01,20171127,GRMN,H2906T109,GARMIN LTD,USD,61.7000,14,0001121788
141459,01,20171128,GRMN,H2906T109,GARMIN LTD,USD,62.9200,14,0001121788
141459,01,20171129,GRMN,H2906T109,GARMIN LTD,USD,62.4000,14,0001121788
141459,01,20171130,GRMN,H2906T109,GARMIN LTD,USD,62.0800,14,0001121788
141459,01,20171201,GRMN,H2906T109,GARMIN LTD,USD,61.2300,14,0001121788
141459,01,20171204,GRMN,H2906T109,GARMIN LTD,USD,60.8500,14,0001121788
141459,01,20171205,GRMN,H2906T109,GARMIN LTD,USD,61.5200,14,0001121788
141459,01,20171206,GRMN,H2906T109,GARMIN LTD,USD,61.4600,14,0001121788
141459,01,20171207,GRMN,H2906T109,GARMIN LTD,USD,61.2700,14,0001121788
141459,01,20171208,GRMN,H2906T109,GARMIN LTD,USD,62.2700,14,0001121788
141459,01,20171211,GRMN,H2906T109,GARMIN LTD,USD,61.9600,14,0001121788
141459,01,20171212,GRMN,H2906T109,GARMIN LTD,USD,61.1300,14,0001121788
141459,01,20171213,GRMN,H2906T109,GARMIN LTD,USD,60.8300,14,0001121788
141459,01,20171214,GRMN,H2906T109,GARMIN LTD,USD,59.4600,14,0001121788
141459,01,20171215,GRMN,H2906T109,GARMIN LTD,USD,58.3600,14,0001121788
141459,01,20171218,GRMN,H2906T109,GARMIN LTD,USD,58.6300,14,0001121788
141459,01,20171219,GRMN,H2906T109,GARMIN LTD,USD,58.5800,14,0001121788
141459,01,20171220,GRMN,H2906T109,GARMIN LTD,USD,58.8000,14,0001121788
141459,01,20171221,GRMN,H2906T109,GARMIN LTD,USD,59.1700,14,0001121788
141459,01,20171222,GRMN,H2906T109,GARMIN LTD,USD,59.1800,14,0001121788
141459,01,20171226,GRMN,H2906T109,GARMIN LTD,USD,59.2700,14,0001121788
141459,01,20171227,GRMN,H2906T109,GARMIN LTD,USD,59.4600,14,0001121788
141459,01,20171228,GRMN,H2906T109,GARMIN LTD,USD,59.7700,14,0001121788
141459,01,20171229,GRMN,H2906T109,GARMIN LTD,USD,59.5700,14,0001121788
141459,01,20180102,GRMN,H2906T109,GARMIN LTD,USD,59.5400,14,0001121788
141459,01,20180103,GRMN,H2906T109,GARMIN LTD,USD,60.2700,14,0001121788
141459,01,20180104,GRMN,H2906T109,GARMIN LTD,USD,60.2700,14,0001121788
141459,01,20180105,GRMN,H2906T109,GARMIN LTD,USD,59.7400,14,0001121788
141459,01,20180108,GRMN,H2906T109,GARMIN LTD,USD,60.3400,14,0001121788
141459,01,20180109,GRMN,H2906T109,GARMIN LTD,USD,59.8500,14,0001121788
141459,01,20180110,GRMN,H2906T109,GARMIN LTD,USD,60.4700,14,0001121788
141459,01,20180111,GRMN,H2906T109,GARMIN LTD,USD,61.4200,14,0001121788
141459,01,20180112,GRMN,H2906T109,GARMIN LTD,USD,61.9600,14,0001121788
141459,01,20180116,GRMN,H2906T109,GARMIN LTD,USD,61.4500,14,0001121788
141459,01,20180117,GRMN,H2906T109,GARMIN LTD,USD,63.0400,14,0001121788
141459,01,20180118,GRMN,H2906T109,GARMIN LTD,USD,63.2400,14,0001121788
141459,01,20180119,GRMN,H2906T109,GARMIN LTD,USD,63.8700,14,0001121788
141459,01,20180122,GRMN,H2906T109,GARMIN LTD,USD,64.0400,14,0001121788
141459,01,20180123,GRMN,H2906T109,GARMIN LTD,USD,64.5200,14,0001121788
141459,01,20180124,GRMN,H2906T109,GARMIN LTD,USD,64.2100,14,0001121788
141459,01,20180125,GRMN,H2906T109,GARMIN LTD,USD,63.7500,14,0001121788
141459,01,20180126,GRMN,H2906T109,GARMIN LTD,USD,64.5800,14,0001121788
141459,01,20180129,GRMN,H2906T109,GARMIN LTD,USD,63.7100,14,0001121788
141459,01,20180130,GRMN,H2906T109,GARMIN LTD,USD,63.0700,14,0001121788
141459,01,20180131,GRMN,H2906T109,GARMIN LTD,USD,62.9400,14,0001121788
141459,01,20180201,GRMN,H2906T109,GARMIN LTD,USD,62.6800,14,0001121788
141459,01,20180202,GRMN,H2906T109,GARMIN LTD,USD,62.4100,14,0001121788
141459,01,20180205,GRMN,H2906T109,GARMIN LTD,USD,60.7900,14,0001121788
141459,01,20180206,GRMN,H2906T109,GARMIN LTD,USD,62.3100,14,0001121788
141459,01,20180207,GRMN,H2906T109,GARMIN LTD,USD,63.0800,14,0001121788
141459,01,20180208,GRMN,H2906T109,GARMIN LTD,USD,61.1300,14,0001121788
141459,01,20180209,GRMN,H2906T109,GARMIN LTD,USD,61.2200,14,0001121788
141459,01,20180212,GRMN,H2906T109,GARMIN LTD,USD,61.9700,14,0001121788
141459,01,20180213,GRMN,H2906T109,GARMIN LTD,USD,62.4300,14,0001121788
141459,01,20180214,GRMN,H2906T109,GARMIN LTD,USD,64.0000,14,0001121788
141459,01,20180215,GRMN,H2906T109,GARMIN LTD,USD,64.8700,14,0001121788
141459,01,20180216,GRMN,H2906T109,GARMIN LTD,USD,65.2100,14,0001121788
141459,01,20180220,GRMN,H2906T109,GARMIN LTD,USD,64.8600,14,0001121788
141459,01,20180221,GRMN,H2906T109,GARMIN LTD,USD,61.8650,14,0001121788
141459,01,20180222,GRMN,H2906T109,GARMIN LTD,USD,60.3900,14,0001121788
141459,01,20180223,GRMN,H2906T109,GARMIN LTD,USD,60.3500,14,0001121788
141459,01,20180226,GRMN,H2906T109,GARMIN LTD,USD,60.6500,14,0001121788
141459,01,20180227,GRMN,H2906T109,GARMIN LTD,USD,60.2200,14,0001121788
141459,01,20180228,GRMN,H2906T109,GARMIN LTD,USD,59.2400,14,0001121788
141459,01,20180301,GRMN,H2906T109,GARMIN LTD,USD,58.8600,14,0001121788
141459,01,20180302,GRMN,H2906T109,GARMIN LTD,USD,59.4200,14,0001121788
141459,01,20180305,GRMN,H2906T109,GARMIN LTD,USD,59.6000,14,0001121788
141459,01,20180306,GRMN,H2906T109,GARMIN LTD,USD,59.8100,14,0001121788
141459,01,20180307,GRMN,H2906T109,GARMIN LTD,USD,59.9900,14,0001121788
141459,01,20180308,GRMN,H2906T109,GARMIN LTD,USD,59.8900,14,0001121788
141459,01,20180309,GRMN,H2906T109,GARMIN LTD,USD,60.9900,14,0001121788
141459,01,20180312,GRMN,H2906T109,GARMIN LTD,USD,61.0100,14,0001121788
141459,01,20180313,GRMN,H2906T109,GARMIN LTD,USD,61.1500,14,0001121788
141459,01,20180314,GRMN,H2906T109,GARMIN LTD,USD,60.2600,14,0001121788
141459,01,20180315,GRMN,H2906T109,GARMIN LTD,USD,59.6800,14,0001121788
141459,01,20180316,GRMN,H2906T109,GARMIN LTD,USD,60.1100,14,0001121788
141459,01,20180319,GRMN,H2906T109,GARMIN LTD,USD,59.8400,14,0001121788
141459,01,20180320,GRMN,H2906T109,GARMIN LTD,USD,59.9900,14,0001121788
141459,01,20180321,GRMN,H2906T109,GARMIN LTD,USD,59.5100,14,0001121788
141459,01,20180322,GRMN,H2906T109,GARMIN LTD,USD,58.3400,14,0001121788
141459,01,20180323,GRMN,H2906T109,GARMIN LTD,USD,57.6800,14,0001121788
141459,01,20180326,GRMN,H2906T109,GARMIN LTD,USD,58.6900,14,0001121788
141459,01,20180327,GRMN,H2906T109,GARMIN LTD,USD,58.1400,14,0001121788
141459,01,20180328,GRMN,H2906T109,GARMIN LTD,USD,58.2100,14,0001121788
141459,01,20180329,GRMN,H2906T109,GARMIN LTD,USD,58.9300,14,0001121788
141459,01,20180402,GRMN,H2906T109,GARMIN LTD,USD,58.0600,14,0001121788
141459,01,20180403,GRMN,H2906T109,GARMIN LTD,USD,58.8000,14,0001121788
141459,01,20180404,GRMN,H2906T109,GARMIN LTD,USD,59.3300,14,0001121788
141459,01,20180405,GRMN,H2906T109,GARMIN LTD,USD,59.6500,14,0001121788
141459,01,20180406,GRMN,H2906T109,GARMIN LTD,USD,58.4200,14,0001121788
141459,01,20180409,GRMN,H2906T109,GARMIN LTD,USD,58.5100,14,0001121788
141459,01,20180410,GRMN,H2906T109,GARMIN LTD,USD,59.3700,14,0001121788
141459,01,20180411,GRMN,H2906T109,GARMIN LTD,USD,59.2900,14,0001121788
141459,01,20180412,GRMN,H2906T109,GARMIN LTD,USD,59.3000,14,0001121788
141459,01,20180413,GRMN,H2906T109,GARMIN LTD,USD,59.0300,14,0001121788
141459,01,20180416,GRMN,H2906T109,GARMIN LTD,USD,59.4300,14,0001121788
141459,01,20180417,GRMN,H2906T109,GARMIN LTD,USD,59.9200,14,0001121788
141459,01,20180418,GRMN,H2906T109,GARMIN LTD,USD,59.9800,14,0001121788
141459,01,20180419,GRMN,H2906T109,GARMIN LTD,USD,59.2300,14,0001121788
141459,01,20180420,GRMN,H2906T109,GARMIN LTD,USD,58.9400,14,0001121788
141459,01,20180423,GRMN,H2906T109,GARMIN LTD,USD,58.0900,14,0001121788
141459,01,20180424,GRMN,H2906T109,GARMIN LTD,USD,57.6600,14,0001121788
141459,01,20180425,GRMN,H2906T109,GARMIN LTD,USD,57.8300,14,0001121788
141459,01,20180426,GRMN,H2906T109,GARMIN LTD,USD,58.9600,14,0001121788
141459,01,20180427,GRMN,H2906T109,GARMIN LTD,USD,59.2600,14,0001121788
141459,01,20180430,GRMN,H2906T109,GARMIN LTD,USD,58.6700,14,0001121788
141459,01,20180501,GRMN,H2906T109,GARMIN LTD,USD,58.9900,14,0001121788
141459,01,20180502,GRMN,H2906T109,GARMIN LTD,USD,61.9500,14,0001121788
141459,01,20180503,GRMN,H2906T109,GARMIN LTD,USD,60.3500,14,0001121788
141459,01,20180504,GRMN,H2906T109,GARMIN LTD,USD,59.8900,14,0001121788
141459,01,20180507,GRMN,H2906T109,GARMIN LTD,USD,59.3700,14,0001121788
141459,01,20180508,GRMN,H2906T109,GARMIN LTD,USD,59.5800,14,0001121788
141459,01,20180509,GRMN,H2906T109,GARMIN LTD,USD,59.4100,14,0001121788
141459,01,20180510,GRMN,H2906T109,GARMIN LTD,USD,59.1900,14,0001121788
141459,01,20180511,GRMN,H2906T109,GARMIN LTD,USD,59.2900,14,0001121788
141459,01,20180514,GRMN,H2906T109,GARMIN LTD,USD,59.3900,14,0001121788
141459,01,20180515,GRMN,H2906T109,GARMIN LTD,USD,59.2300,14,0001121788
141459,01,20180516,GRMN,H2906T109,GARMIN LTD,USD,59.6900,14,0001121788
141459,01,20180517,GRMN,H2906T109,GARMIN LTD,USD,59.7400,14,0001121788
141459,01,20180518,GRMN,H2906T109,GARMIN LTD,USD,59.7600,14,0001121788
141459,01,20180521,GRMN,H2906T109,GARMIN LTD,USD,60.4100,14,0001121788
141459,01,20180522,GRMN,H2906T109,GARMIN LTD,USD,60.4700,14,0001121788
141459,01,20180523,GRMN,H2906T109,GARMIN LTD,USD,60.2800,14,0001121788
141459,01,20180524,GRMN,H2906T109,GARMIN LTD,USD,60.5300,14,0001121788
141459,01,20180525,GRMN,H2906T109,GARMIN LTD,USD,60.5600,14,0001121788
141459,01,20180529,GRMN,H2906T109,GARMIN LTD,USD,60.4400,14,0001121788
141459,01,20180530,GRMN,H2906T109,GARMIN LTD,USD,60.9000,14,0001121788
141459,01,20180531,GRMN,H2906T109,GARMIN LTD,USD,60.0900,14,0001121788
141459,01,20180601,GRMN,H2906T109,GARMIN LTD,USD,61.3900,14,0001121788
141459,01,20180604,GRMN,H2906T109,GARMIN LTD,USD,61.0100,14,0001121788
141459,01,20180605,GRMN,H2906T109,GARMIN LTD,USD,61.6900,14,0001121788
141459,01,20180606,GRMN,H2906T109,GARMIN LTD,USD,61.8900,14,0001121788
141459,01,20180607,GRMN,H2906T109,GARMIN LTD,USD,61.4300,14,0001121788
141459,01,20180608,GRMN,H2906T109,GARMIN LTD,USD,61.8500,14,0001121788
141459,01,20180611,GRMN,H2906T109,GARMIN LTD,USD,62.2600,14,0001121788
141459,01,20180612,GRMN,H2906T109,GARMIN LTD,USD,62.3700,14,0001121788
141459,01,20180613,GRMN,H2906T109,GARMIN LTD,USD,62.2400,14,0001121788
141459,01,20180614,GRMN,H2906T109,GARMIN LTD,USD,61.9400,14,0001121788
141459,01,20180615,GRMN,H2906T109,GARMIN LTD,USD,61.2400,14,0001121788
141459,01,20180618,GRMN,H2906T109,GARMIN LTD,USD,61.2600,14,0001121788
141459,01,20180619,GRMN,H2906T109,GARMIN LTD,USD,60.9300,14,0001121788
141459,01,20180620,GRMN,H2906T109,GARMIN LTD,USD,61.4400,14,0001121788
141459,01,20180621,GRMN,H2906T109,GARMIN LTD,USD,60.1200,14,0001121788
141459,01,20180622,GRMN,H2906T109,GARMIN LTD,USD,60.2300,14,0001121788
141459,01,20180625,GRMN,H2906T109,GARMIN LTD,USD,59.7100,14,0001121788
141459,01,20180626,GRMN,H2906T109,GARMIN LTD,USD,60.2500,14,0001121788
141459,01,20180627,GRMN,H2906T109,GARMIN LTD,USD,59.9800,14,0001121788
141459,01,20180628,GRMN,H2906T109,GARMIN LTD,USD,60.9600,14,0001121788
141459,01,20180629,GRMN,H2906T109,GARMIN LTD,USD,61.0000,14,0001121788
141459,01,20180702,GRMN,H2906T109,GARMIN LTD,USD,60.9200,14,0001121788
141459,01,20180703,GRMN,H2906T109,GARMIN LTD,USD,60.6200,14,0001121788
141459,01,20180705,GRMN,H2906T109,GARMIN LTD,USD,60.5800,14,0001121788
141459,01,20180706,GRMN,H2906T109,GARMIN LTD,USD,61.3500,14,0001121788
141459,01,20180709,GRMN,H2906T109,GARMIN LTD,USD,62.3900,14,0001121788
141459,01,20180710,GRMN,H2906T109,GARMIN LTD,USD,63.3000,14,0001121788
141459,01,20180711,GRMN,H2906T109,GARMIN LTD,USD,62.2800,14,0001121788
141459,01,20180712,GRMN,H2906T109,GARMIN LTD,USD,63.0700,14,0001121788
141459,01,20180713,GRMN,H2906T109,GARMIN LTD,USD,63.2300,14,0001121788
141459,01,20180716,GRMN,H2906T109,GARMIN LTD,USD,63.4400,14,0001121788
141459,01,20180717,GRMN,H2906T109,GARMIN LTD,USD,64.0600,14,0001121788
141459,01,20180718,GRMN,H2906T109,GARMIN LTD,USD,64.0500,14,0001121788
141459,01,20180719,GRMN,H2906T109,GARMIN LTD,USD,65.0300,14,0001121788
141459,01,20180720,GRMN,H2906T109,GARMIN LTD,USD,64.5500,14,0001121788
141459,01,20180723,GRMN,H2906T109,GARMIN LTD,USD,63.8700,14,0001121788
141459,01,20180724,GRMN,H2906T109,GARMIN LTD,USD,63.4800,14,0001121788
141459,01,20180725,GRMN,H2906T109,GARMIN LTD,USD,63.4100,14,0001121788
141459,01,20180726,GRMN,H2906T109,GARMIN LTD,USD,63.6100,14,0001121788
141459,01,20180727,GRMN,H2906T109,GARMIN LTD,USD,62.9300,14,0001121788
141459,01,20180730,GRMN,H2906T109,GARMIN LTD,USD,61.9000,14,0001121788
141459,01,20180731,GRMN,H2906T109,GARMIN LTD,USD,62.4500,14,0001121788
141459,01,20180801,GRMN,H2906T109,GARMIN LTD,USD,64.5000,14,0001121788
141459,01,20180802,GRMN,H2906T109,GARMIN LTD,USD,64.5300,14,0001121788
141459,01,20180803,GRMN,H2906T109,GARMIN LTD,USD,64.9100,14,0001121788
141459,01,20180806,GRMN,H2906T109,GARMIN LTD,USD,64.5500,14,0001121788
141459,01,20180807,GRMN,H2906T109,GARMIN LTD,USD,64.8400,14,0001121788
141459,01,20180808,GRMN,H2906T109,GARMIN LTD,USD,64.4300,14,0001121788
141459,01,20180809,GRMN,H2906T109,GARMIN LTD,USD,64.6700,14,0001121788
141459,01,20180810,GRMN,H2906T109,GARMIN LTD,USD,63.8300,14,0001121788
141459,01,20180813,GRMN,H2906T109,GARMIN LTD,USD,63.5400,14,0001121788
141459,01,20180814,GRMN,H2906T109,GARMIN LTD,USD,64.1800,14,0001121788
141459,01,20180815,GRMN,H2906T109,GARMIN LTD,USD,63.6400,14,0001121788
141459,01,20180816,GRMN,H2906T109,GARMIN LTD,USD,64.4600,14,0001121788
141459,01,20180817,GRMN,H2906T109,GARMIN LTD,USD,65.3500,14,0001121788
141459,01,20180820,GRMN,H2906T109,GARMIN LTD,USD,64.7000,14,0001121788
141459,01,20180821,GRMN,H2906T109,GARMIN LTD,USD,64.9400,14,0001121788
141459,01,20180822,GRMN,H2906T109,GARMIN LTD,USD,64.9700,14,0001121788
141459,01,20180823,GRMN,H2906T109,GARMIN LTD,USD,65.0000,14,0001121788
141459,01,20180824,GRMN,H2906T109,GARMIN LTD,USD,64.7400,14,0001121788
141459,01,20180827,GRMN,H2906T109,GARMIN LTD,USD,65.7200,14,0001121788
141459,01,20180828,GRMN,H2906T109,GARMIN LTD,USD,66.3800,14,0001121788
141459,01,20180829,GRMN,H2906T109,GARMIN LTD,USD,68.1100,14,0001121788
141459,01,20180830,GRMN,H2906T109,GARMIN LTD,USD,67.7200,14,0001121788
141459,01,20180831,GRMN,H2906T109,GARMIN LTD,USD,68.1400,14,0001121788
141459,01,20180904,GRMN,H2906T109,GARMIN LTD,USD,67.9900,14,0001121788
141459,01,20180905,GRMN,H2906T109,GARMIN LTD,USD,68.7200,14,0001121788
141459,01,20180906,GRMN,H2906T109,GARMIN LTD,USD,69.0300,14,0001121788
141459,01,20180907,GRMN,H2906T109,GARMIN LTD,USD,67.9200,14,0001121788
141459,01,20180910,GRMN,H2906T109,GARMIN LTD,USD,68.0300,14,0001121788
141459,01,20180911,GRMN,H2906T109,GARMIN LTD,USD,68.4000,14,0001121788
141459,01,20180912,GRMN,H2906T109,GARMIN LTD,USD,68.4500,14,0001121788
141459,01,20180913,GRMN,H2906T109,GARMIN LTD,USD,68.6100,14,0001121788
141459,01,20180914,GRMN,H2906T109,GARMIN LTD,USD,68.7200,14,0001121788
141459,01,20180917,GRMN,H2906T109,GARMIN LTD,USD,68.3400,14,0001121788
141459,01,20180918,GRMN,H2906T109,GARMIN LTD,USD,68.9800,14,0001121788
141459,01,20180919,GRMN,H2906T109,GARMIN LTD,USD,69.1900,14,0001121788
141459,01,20180920,GRMN,H2906T109,GARMIN LTD,USD,69.7100,14,0001121788
141459,01,20180921,GRMN,H2906T109,GARMIN LTD,USD,70.0400,14,0001121788
141459,01,20180924,GRMN,H2906T109,GARMIN LTD,USD,69.6800,14,0001121788
141459,01,20180925,GRMN,H2906T109,GARMIN LTD,USD,69.6200,14,0001121788
141459,01,20180926,GRMN,H2906T109,GARMIN LTD,USD,69.5700,14,0001121788
141459,01,20180927,GRMN,H2906T109,GARMIN LTD,USD,69.5900,14,0001121788
141459,01,20180928,GRMN,H2906T109,GARMIN LTD,USD,70.0500,14,0001121788
141459,01,20181001,GRMN,H2906T109,GARMIN LTD,USD,69.8500,14,0001121788
141459,01,20181002,GRMN,H2906T109,GARMIN LTD,USD,69.4600,14,0001121788
141459,01,20181003,GRMN,H2906T109,GARMIN LTD,USD,69.4000,14,0001121788
141459,01,20181004,GRMN,H2906T109,GARMIN LTD,USD,69.1400,14,0001121788
141459,01,20181005,GRMN,H2906T109,GARMIN LTD,USD,68.6000,14,0001121788
141459,01,20181008,GRMN,H2906T109,GARMIN LTD,USD,67.8500,14,0001121788
141459,01,20181009,GRMN,H2906T109,GARMIN LTD,USD,67.2300,14,0001121788
141459,01,20181010,GRMN,H2906T109,GARMIN LTD,USD,64.6000,14,0001121788
141459,01,20181011,GRMN,H2906T109,GARMIN LTD,USD,62.9700,14,0001121788
141459,01,20181012,GRMN,H2906T109,GARMIN LTD,USD,62.5900,14,0001121788
141459,01,20181015,GRMN,H2906T109,GARMIN LTD,USD,62.1800,14,0001121788
141459,01,20181016,GRMN,H2906T109,GARMIN LTD,USD,63.1300,14,0001121788
141459,01,20181017,GRMN,H2906T109,GARMIN LTD,USD,63.0500,14,0001121788
141459,01,20181018,GRMN,H2906T109,GARMIN LTD,USD,62.2900,14,0001121788
141459,01,20181019,GRMN,H2906T109,GARMIN LTD,USD,61.9700,14,0001121788
141459,01,20181022,GRMN,H2906T109,GARMIN LTD,USD,62.6100,14,0001121788
141459,01,20181023,GRMN,H2906T109,GARMIN LTD,USD,62.5600,14,0001121788
141459,01,20181024,GRMN,H2906T109,GARMIN LTD,USD,61.4900,14,0001121788
141459,01,20181025,GRMN,H2906T109,GARMIN LTD,USD,62.1500,14,0001121788
141459,01,20181026,GRMN,H2906T109,GARMIN LTD,USD,61.5600,14,0001121788
141459,01,20181029,GRMN,H2906T109,GARMIN LTD,USD,61.7700,14,0001121788
141459,01,20181030,GRMN,H2906T109,GARMIN LTD,USD,63.0500,14,0001121788
141459,01,20181031,GRMN,H2906T109,GARMIN LTD,USD,66.1600,14,0001121788
141459,01,20181101,GRMN,H2906T109,GARMIN LTD,USD,67.4200,14,0001121788
141459,01,20181102,GRMN,H2906T109,GARMIN LTD,USD,66.1500,14,0001121788
141459,01,20181105,GRMN,H2906T109,GARMIN LTD,USD,64.8500,14,0001121788
141459,01,20181106,GRMN,H2906T109,GARMIN LTD,USD,64.5600,14,0001121788
141459,01,20181107,GRMN,H2906T109,GARMIN LTD,USD,65.7400,14,0001121788
141459,01,20181108,GRMN,H2906T109,GARMIN LTD,USD,66.5800,14,0001121788
141459,01,20181109,GRMN,H2906T109,GARMIN LTD,USD,66.1100,14,0001121788
141459,01,20181112,GRMN,H2906T109,GARMIN LTD,USD,65.6500,14,0001121788
141459,01,20181113,GRMN,H2906T109,GARMIN LTD,USD,64.9800,14,0001121788
141459,01,20181114,GRMN,H2906T109,GARMIN LTD,USD,64.2100,14,0001121788
141459,01,20181115,GRMN,H2906T109,GARMIN LTD,USD,65.2200,14,0001121788
141459,01,20181116,GRMN,H2906T109,GARMIN LTD,USD,65.4800,14,0001121788
141459,01,20181119,GRMN,H2906T109,GARMIN LTD,USD,64.8400,14,0001121788
141459,01,20181120,GRMN,H2906T109,GARMIN LTD,USD,64.3800,14,0001121788
141459,01,20181121,GRMN,H2906T109,GARMIN LTD,USD,65.1200,14,0001121788
141459,01,20181123,GRMN,H2906T109,GARMIN LTD,USD,64.9900,14,0001121788
141459,01,20181126,GRMN,H2906T109,GARMIN LTD,USD,65.8700,14,0001121788
141459,01,20181127,GRMN,H2906T109,GARMIN LTD,USD,65.3600,14,0001121788
141459,01,20181128,GRMN,H2906T109,GARMIN LTD,USD,66.3800,14,0001121788
141459,01,20181129,GRMN,H2906T109,GARMIN LTD,USD,65.9800,14,0001121788
141459,01,20181130,GRMN,H2906T109,GARMIN LTD,USD,66.6600,14,0001121788
141459,01,20181203,GRMN,H2906T109,GARMIN LTD,USD,68.5700,14,0001121788
141459,01,20181204,GRMN,H2906T109,GARMIN LTD,USD,66.4000,14,0001121788
141459,01,20181206,GRMN,H2906T109,GARMIN LTD,USD,65.0300,14,0001121788
141459,01,20181207,GRMN,H2906T109,GARMIN LTD,USD,64.6800,14,0001121788
141459,01,20181210,GRMN,H2906T109,GARMIN LTD,USD,64.9300,14,0001121788
141459,01,20181211,GRMN,H2906T109,GARMIN LTD,USD,65.3900,14,0001121788
141459,01,20181212,GRMN,H2906T109,GARMIN LTD,USD,66.2700,14,0001121788
141459,01,20181213,GRMN,H2906T109,GARMIN LTD,USD,66.1000,14,0001121788
141459,01,20181214,GRMN,H2906T109,GARMIN LTD,USD,65.1400,14,0001121788
141459,01,20181217,GRMN,H2906T109,GARMIN LTD,USD,63.1100,14,0001121788
141459,01,20181218,GRMN,H2906T109,GARMIN LTD,USD,63.5600,14,0001121788
141459,01,20181219,GRMN,H2906T109,GARMIN LTD,USD,62.1800,14,0001121788
141459,01,20181220,GRMN,H2906T109,GARMIN LTD,USD,62.1200,14,0001121788
141459,01,20181221,GRMN,H2906T109,GARMIN LTD,USD,61.3300,14,0001121788
141459,01,20181224,GRMN,H2906T109,GARMIN LTD,USD,60.5500,14,0001121788
141459,01,20181226,GRMN,H2906T109,GARMIN LTD,USD,62.2000,14,0001121788
141459,01,20181227,GRMN,H2906T109,GARMIN LTD,USD,62.9600,14,0001121788
141459,01,20181228,GRMN,H2906T109,GARMIN LTD,USD,62.8200,14,0001121788
141459,01,20181231,GRMN,H2906T109,GARMIN LTD,USD,63.3200,14,0001121788
141459,01,20190102,GRMN,H2906T109,GARMIN LTD,USD,62.5200,14,0001121788
141459,01,20190103,GRMN,H2906T109,GARMIN LTD,USD,61.3900,14,0001121788
141459,01,20190104,GRMN,H2906T109,GARMIN LTD,USD,63.7200,14,0001121788
141459,01,20190107,GRMN,H2906T109,GARMIN LTD,USD,64.1800,14,0001121788
141459,01,20190108,GRMN,H2906T109,GARMIN LTD,USD,64.7800,14,0001121788
141459,01,20190109,GRMN,H2906T109,GARMIN LTD,USD,65.6800,14,0001121788
141459,01,20190110,GRMN,H2906T109,GARMIN LTD,USD,66.0500,14,0001121788
141459,01,20190111,GRMN,H2906T109,GARMIN LTD,USD,66.5700,14,0001121788
141459,01,20190114,GRMN,H2906T109,GARMIN LTD,USD,65.7600,14,0001121788
141459,01,20190115,GRMN,H2906T109,GARMIN LTD,USD,66.2600,14,0001121788
141459,01,20190116,GRMN,H2906T109,GARMIN LTD,USD,66.6800,14,0001121788
141459,01,20190117,GRMN,H2906T109,GARMIN LTD,USD,67.0400,14,0001121788
141459,01,20190118,GRMN,H2906T109,GARMIN LTD,USD,67.9000,14,0001121788
141459,01,20190122,GRMN,H2906T109,GARMIN LTD,USD,67.3900,14,0001121788
141459,01,20190123,GRMN,H2906T109,GARMIN LTD,USD,67.6400,14,0001121788
141459,01,20190124,GRMN,H2906T109,GARMIN LTD,USD,68.0200,14,0001121788
141459,01,20190125,GRMN,H2906T109,GARMIN LTD,USD,68.5800,14,0001121788
141459,01,20190128,GRMN,H2906T109,GARMIN LTD,USD,67.6300,14,0001121788
141459,01,20190129,GRMN,H2906T109,GARMIN LTD,USD,68.6800,14,0001121788
141459,01,20190130,GRMN,H2906T109,GARMIN LTD,USD,69.1000,14,0001121788
141459,01,20190131,GRMN,H2906T109,GARMIN LTD,USD,69.1800,14,0001121788
141459,01,20190201,GRMN,H2906T109,GARMIN LTD,USD,69.3400,14,0001121788
141459,01,20190204,GRMN,H2906T109,GARMIN LTD,USD,69.5700,14,0001121788
141459,01,20190205,GRMN,H2906T109,GARMIN LTD,USD,69.6400,14,0001121788
141459,01,20190206,GRMN,H2906T109,GARMIN LTD,USD,69.7700,14,0001121788
141459,01,20190207,GRMN,H2906T109,GARMIN LTD,USD,69.5800,14,0001121788
141459,01,20190208,GRMN,H2906T109,GARMIN LTD,USD,70.2600,14,0001121788
141459,01,20190211,GRMN,H2906T109,GARMIN LTD,USD,70.5500,14,0001121788
141459,01,20190212,GRMN,H2906T109,GARMIN LTD,USD,71.5500,14,0001121788
141459,01,20190213,GRMN,H2906T109,GARMIN LTD,USD,71.4000,14,0001121788
141459,01,20190214,GRMN,H2906T109,GARMIN LTD,USD,71.3900,14,0001121788
141459,01,20190215,GRMN,H2906T109,GARMIN LTD,USD,71.6200,14,0001121788
141459,01,20190219,GRMN,H2906T109,GARMIN LTD,USD,70.9700,14,0001121788
141459,01,20190220,GRMN,H2906T109,GARMIN LTD,USD,83.0600,14,0001121788
141459,01,20190221,GRMN,H2906T109,GARMIN LTD,USD,82.4200,14,0001121788
141459,01,20190222,GRMN,H2906T109,GARMIN LTD,USD,83.0700,14,0001121788
141459,01,20190225,GRMN,H2906T109,GARMIN LTD,USD,83.5500,14,0001121788
141459,01,20190226,GRMN,H2906T109,GARMIN LTD,USD,83.6500,14,0001121788
141459,01,20190227,GRMN,H2906T109,GARMIN LTD,USD,84.1700,14,0001121788
141459,01,20190228,GRMN,H2906T109,GARMIN LTD,USD,83.9700,14,0001121788
141459,01,20190301,GRMN,H2906T109,GARMIN LTD,USD,84.6900,14,0001121788
141459,01,20190304,GRMN,H2906T109,GARMIN LTD,USD,84.7400,14,0001121788
141459,01,20190305,GRMN,H2906T109,GARMIN LTD,USD,83.9700,14,0001121788
141459,01,20190306,GRMN,H2906T109,GARMIN LTD,USD,83.4900,14,0001121788
141459,01,20190307,GRMN,H2906T109,GARMIN LTD,USD,83.0100,14,0001121788
141459,01,20190308,GRMN,H2906T109,GARMIN LTD,USD,82.6800,14,0001121788
141459,01,20190311,GRMN,H2906T109,GARMIN LTD,USD,83.8600,14,0001121788
141459,01,20190312,GRMN,H2906T109,GARMIN LTD,USD,84.5300,14,0001121788
141459,01,20190313,GRMN,H2906T109,GARMIN LTD,USD,83.9400,14,0001121788
141459,01,20190314,GRMN,H2906T109,GARMIN LTD,USD,83.0400,14,0001121788
141459,01,20190315,GRMN,H2906T109,GARMIN LTD,USD,83.2500,14,0001121788
141459,01,20190318,GRMN,H2906T109,GARMIN LTD,USD,83.9500,14,0001121788
141459,01,20190319,GRMN,H2906T109,GARMIN LTD,USD,83.6800,14,0001121788
141459,01,20190320,GRMN,H2906T109,GARMIN LTD,USD,84.2200,14,0001121788
141459,01,20190321,GRMN,H2906T109,GARMIN LTD,USD,84.5900,14,0001121788
141459,01,20190322,GRMN,H2906T109,GARMIN LTD,USD,83.5800,14,0001121788
141459,01,20190325,GRMN,H2906T109,GARMIN LTD,USD,84.1400,14,0001121788
141459,01,20190326,GRMN,H2906T109,GARMIN LTD,USD,85.2200,14,0001121788
141459,01,20190327,GRMN,H2906T109,GARMIN LTD,USD,85.8900,14,0001121788
141459,01,20190328,GRMN,H2906T109,GARMIN LTD,USD,85.6100,14,0001121788
141459,01,20190329,GRMN,H2906T109,GARMIN LTD,USD,86.3500,14,0001121788
141459,01,20190401,GRMN,H2906T109,GARMIN LTD,USD,87.8800,14,0001121788
141459,01,20190402,GRMN,H2906T109,GARMIN LTD,USD,88.2500,14,0001121788
141459,01,20190403,GRMN,H2906T109,GARMIN LTD,USD,88.5600,14,0001121788
141459,01,20190404,GRMN,H2906T109,GARMIN LTD,USD,88.2000,14,0001121788
141459,01,20190405,GRMN,H2906T109,GARMIN LTD,USD,88.1700,14,0001121788
141459,01,20190408,GRMN,H2906T109,GARMIN LTD,USD,89.1000,14,0001121788
141459,01,20190409,GRMN,H2906T109,GARMIN LTD,USD,88.2300,14,0001121788
141459,01,20190410,GRMN,H2906T109,GARMIN LTD,USD,88.8000,14,0001121788
141459,01,20190411,GRMN,H2906T109,GARMIN LTD,USD,89.0100,14,0001121788
141459,01,20190412,GRMN,H2906T109,GARMIN LTD,USD,88.9500,14,0001121788
141459,01,20190415,GRMN,H2906T109,GARMIN LTD,USD,88.6600,14,0001121788
141459,01,20190416,GRMN,H2906T109,GARMIN LTD,USD,87.7700,14,0001121788
141459,01,20190417,GRMN,H2906T109,GARMIN LTD,USD,86.1900,14,0001121788
141459,01,20190418,GRMN,H2906T109,GARMIN LTD,USD,86.5300,14,0001121788
141459,01,20190422,GRMN,H2906T109,GARMIN LTD,USD,86.0700,14,0001121788
141459,01,20190423,GRMN,H2906T109,GARMIN LTD,USD,86.9400,14,0001121788
141459,01,20190424,GRMN,H2906T109,GARMIN LTD,USD,86.6200,14,0001121788
141459,01,20190425,GRMN,H2906T109,GARMIN LTD,USD,85.7100,14,0001121788
141459,01,20190426,GRMN,H2906T109,GARMIN LTD,USD,85.8000,14,0001121788
141459,01,20190429,GRMN,H2906T109,GARMIN LTD,USD,85.4600,14,0001121788
141459,01,20190430,GRMN,H2906T109,GARMIN LTD,USD,85.7400,14,0001121788
141459,01,20190501,GRMN,H2906T109,GARMIN LTD,USD,80.0600,14,0001121788
141459,01,20190502,GRMN,H2906T109,GARMIN LTD,USD,78.7600,14,0001121788
141459,01,20190503,GRMN,H2906T109,GARMIN LTD,USD,79.5500,14,0001121788
141459,01,20190506,GRMN,H2906T109,GARMIN LTD,USD,79.3100,14,0001121788
141459,01,20190507,GRMN,H2906T109,GARMIN LTD,USD,78.3700,14,0001121788
141459,01,20190508,GRMN,H2906T109,GARMIN LTD,USD,78.6800,14,0001121788
141459,01,20190509,GRMN,H2906T109,GARMIN LTD,USD,78.5600,14,0001121788
141459,01,20190510,GRMN,H2906T109,GARMIN LTD,USD,79.3100,14,0001121788
141459,01,20190513,GRMN,H2906T109,GARMIN LTD,USD,77.2800,14,0001121788
141459,01,20190514,GRMN,H2906T109,GARMIN LTD,USD,77.9900,14,0001121788
141459,01,20190515,GRMN,H2906T109,GARMIN LTD,USD,79.0300,14,0001121788
141459,01,20190516,GRMN,H2906T109,GARMIN LTD,USD,79.4100,14,0001121788
141459,01,20190517,GRMN,H2906T109,GARMIN LTD,USD,78.1400,14,0001121788
141459,01,20190520,GRMN,H2906T109,GARMIN LTD,USD,77.2600,14,0001121788
141459,01,20190521,GRMN,H2906T109,GARMIN LTD,USD,77.7000,14,0001121788
141459,01,20190522,GRMN,H2906T109,GARMIN LTD,USD,77.2300,14,0001121788
141459,01,20190523,GRMN,H2906T109,GARMIN LTD,USD,77.3000,14,0001121788
141459,01,20190524,GRMN,H2906T109,GARMIN LTD,USD,77.6500,14,0001121788
141459,01,20190528,GRMN,H2906T109,GARMIN LTD,USD,76.8600,14,0001121788
141459,01,20190529,GRMN,H2906T109,GARMIN LTD,USD,76.3800,14,0001121788
141459,01,20190530,GRMN,H2906T109,GARMIN LTD,USD,77.2400,14,0001121788
141459,01,20190531,GRMN,H2906T109,GARMIN LTD,USD,76.4800,14,0001121788
141459,01,20190603,GRMN,H2906T109,GARMIN LTD,USD,76.6900,14,0001121788
141459,01,20190604,GRMN,H2906T109,GARMIN LTD,USD,78.2900,14,0001121788
141459,01,20190605,GRMN,H2906T109,GARMIN LTD,USD,78.4600,14,0001121788
141459,01,20190606,GRMN,H2906T109,GARMIN LTD,USD,78.3700,14,0001121788
141459,01,20190607,GRMN,H2906T109,GARMIN LTD,USD,78.9500,14,0001121788
141459,01,20190610,GRMN,H2906T109,GARMIN LTD,USD,80.1700,14,0001121788
141459,01,20190611,GRMN,H2906T109,GARMIN LTD,USD,80.2100,14,0001121788
141459,01,20190612,GRMN,H2906T109,GARMIN LTD,USD,80.6800,14,0001121788
141459,01,20190613,GRMN,H2906T109,GARMIN LTD,USD,80.4900,14,0001121788
141459,01,20190614,GRMN,H2906T109,GARMIN LTD,USD,79.7900,14,0001121788
141459,01,20190617,GRMN,H2906T109,GARMIN LTD,USD,79.9600,14,0001121788
141459,01,20190618,GRMN,H2906T109,GARMIN LTD,USD,80.8500,14,0001121788
141459,01,20190619,GRMN,H2906T109,GARMIN LTD,USD,81.6200,14,0001121788
141459,01,20190620,GRMN,H2906T109,GARMIN LTD,USD,81.7400,14,0001121788
141459,01,20190621,GRMN,H2906T109,GARMIN LTD,USD,81.2100,14,0001121788
141459,01,20190624,GRMN,H2906T109,GARMIN LTD,USD,81.3200,14,0001121788
141459,01,20190625,GRMN,H2906T109,GARMIN LTD,USD,80.1900,14,0001121788
141459,01,20190626,GRMN,H2906T109,GARMIN LTD,USD,80.2300,14,0001121788
141459,01,20190627,GRMN,H2906T109,GARMIN LTD,USD,80.2700,14,0001121788
141459,01,20190628,GRMN,H2906T109,GARMIN LTD,USD,79.8000,14,0001121788
141459,01,20190701,GRMN,H2906T109,GARMIN LTD,USD,79.8900,14,0001121788
141459,01,20190702,GRMN,H2906T109,GARMIN LTD,USD,80.0300,14,0001121788
141459,01,20190703,GRMN,H2906T109,GARMIN LTD,USD,80.5600,14,0001121788
141459,01,20190705,GRMN,H2906T109,GARMIN LTD,USD,79.7500,14,0001121788
141459,01,20190708,GRMN,H2906T109,GARMIN LTD,USD,79.4500,14,0001121788
141459,01,20190709,GRMN,H2906T109,GARMIN LTD,USD,79.1400,14,0001121788
141459,01,20190710,GRMN,H2906T109,GARMIN LTD,USD,78.7400,14,0001121788
141459,01,20190711,GRMN,H2906T109,GARMIN LTD,USD,78.9900,14,0001121788
141459,01,20190712,GRMN,H2906T109,GARMIN LTD,USD,79.7900,14,0001121788
141459,01,20190715,GRMN,H2906T109,GARMIN LTD,USD,79.8300,14,0001121788
141459,01,20190716,GRMN,H2906T109,GARMIN LTD,USD,81.0600,14,0001121788
141459,01,20190717,GRMN,H2906T109,GARMIN LTD,USD,81.1200,14,0001121788
141459,01,20190718,GRMN,H2906T109,GARMIN LTD,USD,82.0000,14,0001121788
141459,01,20190719,GRMN,H2906T109,GARMIN LTD,USD,81.0800,14,0001121788
141459,01,20190722,GRMN,H2906T109,GARMIN LTD,USD,80.8200,14,0001121788
141459,01,20190723,GRMN,H2906T109,GARMIN LTD,USD,80.3700,14,0001121788
141459,01,20190724,GRMN,H2906T109,GARMIN LTD,USD,79.4900,14,0001121788
141459,01,20190725,GRMN,H2906T109,GARMIN LTD,USD,78.5400,14,0001121788
141459,01,20190726,GRMN,H2906T109,GARMIN LTD,USD,78.2900,14,0001121788
141459,01,20190729,GRMN,H2906T109,GARMIN LTD,USD,78.6200,14,0001121788
141459,01,20190730,GRMN,H2906T109,GARMIN LTD,USD,76.6000,14,0001121788
141459,01,20190731,GRMN,H2906T109,GARMIN LTD,USD,78.5900,14,0001121788
141459,01,20190801,GRMN,H2906T109,GARMIN LTD,USD,76.7400,14,0001121788
141459,01,20190802,GRMN,H2906T109,GARMIN LTD,USD,75.6900,14,0001121788
141459,01,20190805,GRMN,H2906T109,GARMIN LTD,USD,75.3500,14,0001121788
141459,01,20190806,GRMN,H2906T109,GARMIN LTD,USD,76.6500,14,0001121788
141459,01,20190807,GRMN,H2906T109,GARMIN LTD,USD,77.2600,14,0001121788
141459,01,20190808,GRMN,H2906T109,GARMIN LTD,USD,78.6500,14,0001121788
141459,01,20190809,GRMN,H2906T109,GARMIN LTD,USD,79.0400,14,0001121788
141459,01,20190812,GRMN,H2906T109,GARMIN LTD,USD,77.8000,14,0001121788
141459,01,20190813,GRMN,H2906T109,GARMIN LTD,USD,79.0900,14,0001121788
141459,01,20190814,GRMN,H2906T109,GARMIN LTD,USD,76.5100,14,0001121788
141459,01,20190815,GRMN,H2906T109,GARMIN LTD,USD,76.7800,14,0001121788
141459,01,20190816,GRMN,H2906T109,GARMIN LTD,USD,77.1700,14,0001121788
141459,01,20190819,GRMN,H2906T109,GARMIN LTD,USD,78.1900,14,0001121788
141459,01,20190820,GRMN,H2906T109,GARMIN LTD,USD,78.7000,14,0001121788
141459,01,20190821,GRMN,H2906T109,GARMIN LTD,USD,80.1200,14,0001121788
141459,01,20190822,GRMN,H2906T109,GARMIN LTD,USD,80.2800,14,0001121788
141459,01,20190823,GRMN,H2906T109,GARMIN LTD,USD,78.3600,14,0001121788
141459,01,20190826,GRMN,H2906T109,GARMIN LTD,USD,78.9600,14,0001121788
141459,01,20190827,GRMN,H2906T109,GARMIN LTD,USD,79.8100,14,0001121788
141459,01,20190828,GRMN,H2906T109,GARMIN LTD,USD,80.3500,14,0001121788
141459,01,20190829,GRMN,H2906T109,GARMIN LTD,USD,80.9200,14,0001121788
141459,01,20190830,GRMN,H2906T109,GARMIN LTD,USD,81.5700,14,0001121788
141459,01,20190903,GRMN,H2906T109,GARMIN LTD,USD,81.2100,14,0001121788
141459,01,20190904,GRMN,H2906T109,GARMIN LTD,USD,82.5500,14,0001121788
141459,01,20190905,GRMN,H2906T109,GARMIN LTD,USD,83.0500,14,0001121788
141459,01,20190906,GRMN,H2906T109,GARMIN LTD,USD,83.4600,14,0001121788
141459,01,20190909,GRMN,H2906T109,GARMIN LTD,USD,85.1400,14,0001121788
141459,01,20190910,GRMN,H2906T109,GARMIN LTD,USD,83.9100,14,0001121788
141459,01,20190911,GRMN,H2906T109,GARMIN LTD,USD,84.1600,14,0001121788
141459,01,20190912,GRMN,H2906T109,GARMIN LTD,USD,85.5200,14,0001121788
141459,01,20190913,GRMN,H2906T109,GARMIN LTD,USD,85.3400,14,0001121788
141459,01,20190916,GRMN,H2906T109,GARMIN LTD,USD,85.0700,14,0001121788
141459,01,20190917,GRMN,H2906T109,GARMIN LTD,USD,85.2100,14,0001121788
141459,01,20190918,GRMN,H2906T109,GARMIN LTD,USD,85.9300,14,0001121788
141459,01,20190919,GRMN,H2906T109,GARMIN LTD,USD,85.4900,14,0001121788
141459,01,20190920,GRMN,H2906T109,GARMIN LTD,USD,85.0300,14,0001121788
141459,01,20190923,GRMN,H2906T109,GARMIN LTD,USD,84.4800,14,0001121788
141459,01,20190924,GRMN,H2906T109,GARMIN LTD,USD,83.8000,14,0001121788
141459,01,20190925,GRMN,H2906T109,GARMIN LTD,USD,84.2100,14,0001121788
141459,01,20190926,GRMN,H2906T109,GARMIN LTD,USD,84.3600,14,0001121788
141459,01,20190927,GRMN,H2906T109,GARMIN LTD,USD,84.8100,14,0001121788
141459,01,20190930,GRMN,H2906T109,GARMIN LTD,USD,84.6900,14,0001121788
141459,01,20191001,GRMN,H2906T109,GARMIN LTD,USD,84.4900,14,0001121788
141459,01,20191002,GRMN,H2906T109,GARMIN LTD,USD,82.9000,14,0001121788
141459,01,20191003,GRMN,H2906T109,GARMIN LTD,USD,83.6200,14,0001121788
141459,01,20191004,GRMN,H2906T109,GARMIN LTD,USD,84.9700,14,0001121788
141459,01,20191007,GRMN,H2906T109,GARMIN LTD,USD,84.6400,14,0001121788
141459,01,20191008,GRMN,H2906T109,GARMIN LTD,USD,83.2900,14,0001121788
141459,01,20191009,GRMN,H2906T109,GARMIN LTD,USD,84.6100,14,0001121788
141459,01,20191010,GRMN,H2906T109,GARMIN LTD,USD,85.6100,14,0001121788
141459,01,20191011,GRMN,H2906T109,GARMIN LTD,USD,87.0800,14,0001121788
141459,01,20191014,GRMN,H2906T109,GARMIN LTD,USD,86.6150,14,0001121788
141459,01,20191015,GRMN,H2906T109,GARMIN LTD,USD,86.3000,14,0001121788
141459,01,20191016,GRMN,H2906T109,GARMIN LTD,USD,87.2050,14,0001121788
141459,01,20191017,GRMN,H2906T109,GARMIN LTD,USD,87.4900,14,0001121788
141459,01,20191018,GRMN,H2906T109,GARMIN LTD,USD,87.4600,14,0001121788
141459,01,20191021,GRMN,H2906T109,GARMIN LTD,USD,87.0600,14,0001121788
141459,01,20191022,GRMN,H2906T109,GARMIN LTD,USD,87.4200,14,0001121788
141459,01,20191023,GRMN,H2906T109,GARMIN LTD,USD,86.5700,14,0001121788
141459,01,20191024,GRMN,H2906T109,GARMIN LTD,USD,86.3900,14,0001121788
141459,01,20191025,GRMN,H2906T109,GARMIN LTD,USD,87.2300,14,0001121788
141459,01,20191028,GRMN,H2906T109,GARMIN LTD,USD,87.6500,14,0001121788
141459,01,20191029,GRMN,H2906T109,GARMIN LTD,USD,87.9100,14,0001121788
141459,01,20191030,GRMN,H2906T109,GARMIN LTD,USD,96.3500,14,0001121788
141459,01,20191031,GRMN,H2906T109,GARMIN LTD,USD,93.7500,14,0001121788
141459,01,20191101,GRMN,H2906T109,GARMIN LTD,USD,94.4600,14,0001121788
141459,01,20191104,GRMN,H2906T109,GARMIN LTD,USD,94.2300,14,0001121788
141459,01,20191105,GRMN,H2906T109,GARMIN LTD,USD,93.2900,14,0001121788
141459,01,20191106,GRMN,H2906T109,GARMIN LTD,USD,93.2200,14,0001121788
141459,01,20191107,GRMN,H2906T109,GARMIN LTD,USD,94.9600,14,0001121788
141459,01,20191108,GRMN,H2906T109,GARMIN LTD,USD,95.8900,14,0001121788
141459,01,20191111,GRMN,H2906T109,GARMIN LTD,USD,96.8000,14,0001121788
141459,01,20191112,GRMN,H2906T109,GARMIN LTD,USD,96.1100,14,0001121788
141459,01,20191113,GRMN,H2906T109,GARMIN LTD,USD,95.8900,14,0001121788
141459,01,20191114,GRMN,H2906T109,GARMIN LTD,USD,96.7500,14,0001121788
141459,01,20191115,GRMN,H2906T109,GARMIN LTD,USD,95.6500,14,0001121788
141459,01,20191118,GRMN,H2906T109,GARMIN LTD,USD,96.1000,14,0001121788
141459,01,20191119,GRMN,H2906T109,GARMIN LTD,USD,96.9200,14,0001121788
141459,01,20191120,GRMN,H2906T109,GARMIN LTD,USD,96.8750,14,0001121788
141459,01,20191121,GRMN,H2906T109,GARMIN LTD,USD,98.0800,14,0001121788
141459,01,20191122,GRMN,H2906T109,GARMIN LTD,USD,97.2000,14,0001121788
141459,01,20191125,GRMN,H2906T109,GARMIN LTD,USD,97.6600,14,0001121788
141459,01,20191126,GRMN,H2906T109,GARMIN LTD,USD,98.2900,14,0001121788
141459,01,20191127,GRMN,H2906T109,GARMIN LTD,USD,98.1400,14,0001121788
141459,01,20191129,GRMN,H2906T109,GARMIN LTD,USD,97.6900,14,0001121788
141459,01,20191202,GRMN,H2906T109,GARMIN LTD,USD,96.9200,14,0001121788
141459,01,20191203,GRMN,H2906T109,GARMIN LTD,USD,96.4900,14,0001121788
141459,01,20191204,GRMN,H2906T109,GARMIN LTD,USD,96.2500,14,0001121788
141459,01,20191205,GRMN,H2906T109,GARMIN LTD,USD,95.6000,14,0001121788
141459,01,20191206,GRMN,H2906T109,GARMIN LTD,USD,96.5200,14,0001121788
141459,01,20191209,GRMN,H2906T109,GARMIN LTD,USD,97.0000,14,0001121788
141459,01,20191210,GRMN,H2906T109,GARMIN LTD,USD,96.7100,14,0001121788
141459,01,20191211,GRMN,H2906T109,GARMIN LTD,USD,97.5900,14,0001121788
141459,01,20191212,GRMN,H2906T109,GARMIN LTD,USD,97.7800,14,0001121788
141459,01,20191213,GRMN,H2906T109,GARMIN LTD,USD,97.4300,14,0001121788
141459,01,20191216,GRMN,H2906T109,GARMIN LTD,USD,97.7900,14,0001121788
141459,01,20191217,GRMN,H2906T109,GARMIN LTD,USD,97.8800,14,0001121788
141459,01,20191218,GRMN,H2906T109,GARMIN LTD,USD,97.4700,14,0001121788
141459,01,20191219,GRMN,H2906T109,GARMIN LTD,USD,97.6400,14,0001121788
141459,01,20191220,GRMN,H2906T109,GARMIN LTD,USD,98.6800,14,0001121788
141459,01,20191223,GRMN,H2906T109,GARMIN LTD,USD,98.5900,14,0001121788
141459,01,20191224,GRMN,H2906T109,GARMIN LTD,USD,98.4400,14,0001121788
141459,01,20191226,GRMN,H2906T109,GARMIN LTD,USD,98.0700,14,0001121788
141459,01,20191227,GRMN,H2906T109,GARMIN LTD,USD,98.5200,14,0001121788
141459,01,20191230,GRMN,H2906T109,GARMIN LTD,USD,97.9500,14,0001121788
141459,01,20191231,GRMN,H2906T109,GARMIN LTD,USD,97.5600,14,0001121788
141459,01,20200102,GRMN,H2906T109,GARMIN LTD,USD,98.3400,14,0001121788
141459,01,20200103,GRMN,H2906T109,GARMIN LTD,USD,97.7100,14,0001121788
141459,01,20200106,GRMN,H2906T109,GARMIN LTD,USD,97.6900,14,0001121788
141459,01,20200107,GRMN,H2906T109,GARMIN LTD,USD,97.5400,14,0001121788
141459,01,20200108,GRMN,H2906T109,GARMIN LTD,USD,97.0000,14,0001121788
141459,01,20200109,GRMN,H2906T109,GARMIN LTD,USD,97.4000,14,0001121788
141459,01,20200110,GRMN,H2906T109,GARMIN LTD,USD,96.5000,14,0001121788
141459,01,20200113,GRMN,H2906T109,GARMIN LTD,USD,97.5900,14,0001121788
141459,01,20200114,GRMN,H2906T109,GARMIN LTD,USD,97.2900,14,0001121788
141459,01,20200115,GRMN,H2906T109,GARMIN LTD,USD,97.1900,14,0001121788
141459,01,20200116,GRMN,H2906T109,GARMIN LTD,USD,98.4700,14,0001121788
141459,01,20200117,GRMN,H2906T109,GARMIN LTD,USD,99.0400,14,0001121788
141459,01,20200121,GRMN,H2906T109,GARMIN LTD,USD,100.5900,14,0001121788
141459,01,20200122,GRMN,H2906T109,GARMIN LTD,USD,100.2200,14,0001121788
141459,01,20200123,GRMN,H2906T109,GARMIN LTD,USD,100.5600,14,0001121788
141459,01,20200124,GRMN,H2906T109,GARMIN LTD,USD,99.5900,14,0001121788
141459,01,20200127,GRMN,H2906T109,GARMIN LTD,USD,98.4300,14,0001121788
141459,01,20200128,GRMN,H2906T109,GARMIN LTD,USD,101.9200,14,0001121788
141459,01,20200129,GRMN,H2906T109,GARMIN LTD,USD,100.5300,14,0001121788
141459,01,20200130,GRMN,H2906T109,GARMIN LTD,USD,99.3200,14,0001121788
141459,01,20200131,GRMN,H2906T109,GARMIN LTD,USD,96.9500,14,0001121788
141459,01,20200203,GRMN,H2906T109,GARMIN LTD,USD,98.1200,14,0001121788
141459,01,20200204,GRMN,H2906T109,GARMIN LTD,USD,98.8500,14,0001121788
141459,01,20200205,GRMN,H2906T109,GARMIN LTD,USD,98.0400,14,0001121788
141459,01,20200206,GRMN,H2906T109,GARMIN LTD,USD,97.8500,14,0001121788
141459,01,20200207,GRMN,H2906T109,GARMIN LTD,USD,96.2000,14,0001121788
141459,01,20200210,GRMN,H2906T109,GARMIN LTD,USD,97.7100,14,0001121788
141459,01,20200211,GRMN,H2906T109,GARMIN LTD,USD,98.0400,14,0001121788
141459,01,20200212,GRMN,H2906T109,GARMIN LTD,USD,97.8100,14,0001121788
141459,01,20200213,GRMN,H2906T109,GARMIN LTD,USD,98.3000,14,0001121788
141459,01,20200214,GRMN,H2906T109,GARMIN LTD,USD,98.1800,14,0001121788
141459,01,20200218,GRMN,H2906T109,GARMIN LTD,USD,97.1200,14,0001121788
141459,01,20200219,GRMN,H2906T109,GARMIN LTD,USD,103.6700,14,0001121788
141459,01,20200220,GRMN,H2906T109,GARMIN LTD,USD,99.8100,14,0001121788
141459,01,20200221,GRMN,H2906T109,GARMIN LTD,USD,96.5800,14,0001121788
141459,01,20200224,GRMN,H2906T109,GARMIN LTD,USD,95.3600,14,0001121788
141459,01,20200225,GRMN,H2906T109,GARMIN LTD,USD,92.0000,14,0001121788
141459,01,20200226,GRMN,H2906T109,GARMIN LTD,USD,90.3800,14,0001121788
141459,01,20200227,GRMN,H2906T109,GARMIN LTD,USD,89.2800,14,0001121788
141459,01,20200228,GRMN,H2906T109,GARMIN LTD,USD,88.3900,14,0001121788
141459,01,20200302,GRMN,H2906T109,GARMIN LTD,USD,93.4700,14,0001121788
141459,01,20200303,GRMN,H2906T109,GARMIN LTD,USD,90.0700,14,0001121788
141459,01,20200304,GRMN,H2906T109,GARMIN LTD,USD,93.4100,14,0001121788
141459,01,20200305,GRMN,H2906T109,GARMIN LTD,USD,89.3800,14,0001121788
141459,01,20200306,GRMN,H2906T109,GARMIN LTD,USD,87.5200,14,0001121788
141459,01,20200309,GRMN,H2906T109,GARMIN LTD,USD,81.1600,14,0001121788
141459,01,20200310,GRMN,H2906T109,GARMIN LTD,USD,84.4200,14,0001121788
141459,01,20200311,GRMN,H2906T109,GARMIN LTD,USD,80.5100,14,0001121788
141459,01,20200312,GRMN,H2906T109,GARMIN LTD,USD,72.8800,14,0001121788
141459,01,20200313,GRMN,H2906T109,GARMIN LTD,USD,77.3400,14,0001121788
141459,01,20200316,GRMN,H2906T109,GARMIN LTD,USD,70.8500,14,0001121788
141459,01,20200317,GRMN,H2906T109,GARMIN LTD,USD,73.9300,14,0001121788
141459,01,20200318,GRMN,H2906T109,GARMIN LTD,USD,71.7100,14,0001121788
141459,01,20200319,GRMN,H2906T109,GARMIN LTD,USD,70.1100,14,0001121788
141459,01,20200320,GRMN,H2906T109,GARMIN LTD,USD,66.0300,14,0001121788
141459,01,20200323,GRMN,H2906T109,GARMIN LTD,USD,63.6300,14,0001121788
141459,01,20200324,GRMN,H2906T109,GARMIN LTD,USD,70.3700,14,0001121788
141459,01,20200325,GRMN,H2906T109,GARMIN LTD,USD,71.7100,14,0001121788
141459,01,20200326,GRMN,H2906T109,GARMIN LTD,USD,74.2300,14,0001121788
141459,01,20200327,GRMN,H2906T109,GARMIN LTD,USD,73.5300,14,0001121788
141459,01,20200330,GRMN,H2906T109,GARMIN LTD,USD,76.6900,14,0001121788
141459,01,20200331,GRMN,H2906T109,GARMIN LTD,USD,74.9600,14,0001121788
141459,01,20200401,GRMN,H2906T109,GARMIN LTD,USD,71.4100,14,0001121788
141459,01,20200402,GRMN,H2906T109,GARMIN LTD,USD,73.4600,14,0001121788
141459,01,20200403,GRMN,H2906T109,GARMIN LTD,USD,71.5600,14,0001121788
141459,01,20200406,GRMN,H2906T109,GARMIN LTD,USD,75.4400,14,0001121788
141459,01,20200407,GRMN,H2906T109,GARMIN LTD,USD,74.2300,14,0001121788
141459,01,20200408,GRMN,H2906T109,GARMIN LTD,USD,77.3600,14,0001121788
141459,01,20200409,GRMN,H2906T109,GARMIN LTD,USD,78.6500,14,0001121788
141459,01,20200413,GRMN,H2906T109,GARMIN LTD,USD,77.8200,14,0001121788
