PERMNO,DATE,n,RET,alpha,b_mkt,b_smb,b_hml,b_umd,ivol,tvol,R2,exret,TICKER
91683,20140102,252,1.12%,0.0001,0.7712,-0.0785,-0.4915,-0.021,1.27%,1.37%,14.14%,1.92%,SBH
91683,20140103,252,0.33%,0.0001,0.7693,-0.0764,-0.4897,-0.015,1.27%,1.37%,14.15%,0.36%,SBH
91683,20140106,252,-1.73%,0.0002,0.7862,-0.0546,-0.4755,-0.0452,1.27%,1.37%,14.61%,-1.38%,SBH
91683,20140107,252,0.83%,0.0002,0.7856,-0.0545,-0.4819,-0.043,1.27%,1.37%,14.68%,0.15%,SBH
91683,20140108,252,-0.89%,0.0002,0.7728,-0.0505,-0.4723,-0.0191,1.27%,1.37%,14.55%,-0.94%,SBH
91683,20140109,252,-2.79%,0.0001,0.7885,-0.0633,-0.4275,-0.0737,1.28%,1.38%,14.13%,-2.96%,SBH
91683,20140110,252,1.30%,0.0001,0.7889,-0.0455,-0.4618,-0.0804,1.28%,1.38%,14.22%,0.78%,SBH
91683,20140113,252,-2.93%,0,0.8135,-0.0555,-0.4837,-0.0787,1.28%,1.39%,15.11%,-1.89%,SBH
91683,20140114,252,1.46%,0,0.817,-0.0567,-0.4898,-0.0758,1.28%,1.40%,15.42%,0.39%,SBH
91683,20140115,252,0.14%,-0.0001,0.8103,-0.0674,-0.4875,-0.0539,1.28%,1.39%,15.46%,-0.20%,SBH
91683,20140116,252,-0.58%,-0.0002,0.8126,-0.0659,-0.4766,-0.0571,1.28%,1.39%,15.52%,-0.84%,SBH
91683,20140117,252,-3.75%,-0.0003,0.8355,-0.0728,-0.4958,-0.0744,1.30%,1.41%,15.71%,-3.41%,SBH
91683,20140121,252,-1.04%,-0.0004,0.832,-0.0859,-0.4902,-0.0665,1.30%,1.41%,15.57%,-1.26%,SBH
91683,20140122,252,0.11%,-0.0004,0.8284,-0.0873,-0.5023,-0.059,1.30%,1.41%,15.56%,0.13%,SBH
91683,20140123,252,-0.47%,-0.0005,0.8315,-0.0698,-0.4975,-0.0808,1.29%,1.41%,15.67%,-0.02%,SBH
91683,20140124,252,0.25%,-0.0004,0.7879,-0.0763,-0.4621,-0.0632,1.30%,1.40%,14.85%,2.08%,SBH
91683,20140127,252,-0.07%,-0.0004,0.779,-0.0829,-0.4385,-0.0566,1.30%,1.40%,14.61%,0.55%,SBH
91683,20140128,252,1.77%,-0.0003,0.7766,-0.0742,-0.4326,-0.0393,1.30%,1.40%,14.75%,1.25%,SBH
91683,20140129,252,-1.21%,-0.0003,0.7796,-0.0765,-0.4327,-0.0379,1.30%,1.41%,15.00%,-0.32%,SBH
91683,20140130,252,1.12%,-0.0003,0.7793,-0.0805,-0.4329,-0.0345,1.30%,1.41%,15.16%,0.05%,SBH
91683,20140131,252,0.96%,-0.0003,0.7729,-0.0998,-0.4571,-0.018,1.30%,1.41%,15.05%,1.31%,SBH
91683,20140203,252,-2.92%,-0.0004,0.7765,-0.0839,-0.4952,-0.0268,1.29%,1.41%,16.02%,-0.97%,SBH
91683,20140204,252,1.13%,-0.0003,0.7586,-0.0846,-0.4974,-0.0081,1.29%,1.40%,15.64%,0.49%,SBH
91683,20140205,252,0.32%,-0.0003,0.7604,-0.0947,-0.493,-0.0085,1.29%,1.40%,15.55%,0.55%,SBH
91683,20140206,252,7.19%,-0.0001,0.8484,-0.2198,-0.4817,-0.0485,1.35%,1.47%,16.24%,6.34%,SBH
91683,20140207,252,-1.17%,-0.0001,0.8123,-0.183,-0.4007,-0.0528,1.35%,1.47%,15.29%,-2.62%,SBH
91683,20140210,252,-0.74%,-0.0002,0.7842,-0.175,-0.3461,-0.0108,1.34%,1.45%,14.97%,-1.03%,SBH
91683,20140211,252,-0.20%,-0.0002,0.7676,-0.164,-0.3202,0.0021,1.34%,1.45%,14.73%,-1.01%,SBH
91683,20140212,252,-1.74%,-0.0002,0.7716,-0.1735,-0.3145,-0.0062,1.34%,1.45%,14.62%,-1.81%,SBH
91683,20140213,252,-0.10%,-0.0003,0.7719,-0.1833,-0.3149,-0.0089,1.34%,1.45%,14.58%,-0.56%,SBH
91683,20140214,252,-1.32%,-0.0004,0.7621,-0.172,-0.3344,0.0063,1.34%,1.45%,14.44%,-1.59%,SBH
91683,20140218,252,-0.99%,-0.0005,0.7861,-0.1974,-0.3381,-0.0444,1.34%,1.45%,14.68%,-1.11%,SBH
91683,20140219,252,0.71%,-0.0005,0.781,-0.2048,-0.3587,-0.0476,1.34%,1.45%,14.44%,1.09%,SBH
91683,20140220,252,0.00%,-0.0005,0.7846,-0.2045,-0.3495,-0.0535,1.34%,1.45%,14.40%,-0.47%,SBH
91683,20140221,252,-0.46%,-0.0005,0.785,-0.2081,-0.3505,-0.0548,1.34%,1.45%,14.35%,-0.32%,SBH
91683,20140224,252,1.06%,-0.0005,0.7852,-0.2062,-0.3413,-0.0496,1.34%,1.45%,14.35%,0.70%,SBH
91683,20140225,252,-1.75%,-0.0005,0.78,-0.208,-0.3081,-0.0451,1.34%,1.45%,13.87%,-1.85%,SBH
91683,20140226,252,1.00%,-0.0005,0.7778,-0.1869,-0.3098,-0.0528,1.35%,1.45%,13.76%,1.02%,SBH
91683,20140227,252,1.80%,-0.0005,0.7807,-0.1792,-0.312,-0.0601,1.35%,1.45%,13.63%,1.42%,SBH
91683,20140228,252,-0.31%,-0.0005,0.7824,-0.176,-0.3177,-0.0644,1.35%,1.45%,13.66%,-0.32%,SBH
91683,20140303,252,-1.32%,-0.0005,0.7894,-0.1801,-0.3242,-0.0707,1.35%,1.45%,13.87%,-0.72%,SBH
91683,20140304,252,0.49%,-0.0006,0.7948,-0.1694,-0.3369,-0.1192,1.35%,1.45%,13.80%,-0.61%,SBH
91683,20140305,252,1.30%,-0.0005,0.7872,-0.1796,-0.3159,-0.0989,1.35%,1.45%,13.56%,1.38%,SBH
91683,20140306,252,-0.07%,-0.0007,0.783,-0.1923,-0.3776,-0.0788,1.33%,1.44%,13.97%,-0.07%,SBH
91683,20140307,252,-0.73%,-0.0007,0.7825,-0.1941,-0.3915,-0.075,1.33%,1.44%,14.01%,-0.60%,SBH
91683,20140310,252,-0.73%,-0.0007,0.783,-0.1933,-0.3925,-0.0754,1.33%,1.44%,14.01%,-0.66%,SBH
91683,20140311,252,-1.55%,-0.0008,0.7892,-0.1822,-0.3816,-0.0821,1.33%,1.44%,14.16%,-1.25%,SBH
91683,20140312,252,-0.07%,-0.0007,0.7888,-0.1802,-0.3878,-0.0893,1.33%,1.44%,14.12%,-0.19%,SBH
91683,20140313,252,-1.18%,-0.0008,0.7902,-0.1824,-0.3908,-0.0902,1.33%,1.44%,14.34%,-0.17%,SBH
91683,20140314,252,-0.51%,-0.0007,0.7943,-0.1819,-0.3857,-0.0972,1.33%,1.44%,14.40%,-0.29%,SBH
91683,20140317,252,1.06%,-0.0007,0.798,-0.186,-0.3838,-0.1009,1.33%,1.44%,14.52%,0.30%,SBH
91683,20140318,252,1.44%,-0.0007,0.797,-0.1732,-0.3995,-0.0978,1.33%,1.44%,14.63%,0.82%,SBH
91683,20140319,252,1.63%,-0.0006,0.785,-0.169,-0.3435,-0.0955,1.34%,1.45%,14.14%,2.30%,SBH
91683,20140320,252,-0.84%,-0.0007,0.7747,-0.1648,-0.3774,-0.1004,1.33%,1.44%,13.88%,-1.01%,SBH
91683,20140321,252,0.18%,-0.0007,0.7774,-0.1629,-0.3594,-0.1171,1.34%,1.44%,13.72%,0.64%,SBH
91683,20140324,252,-0.95%,-0.0007,0.7802,-0.1663,-0.3739,-0.1135,1.34%,1.44%,13.88%,-0.37%,SBH
91683,20140325,252,-0.68%,-0.0007,0.7785,-0.1652,-0.3762,-0.1076,1.34%,1.44%,13.88%,-0.94%,SBH
91683,20140326,252,-1.47%,-0.0008,0.7802,-0.1537,-0.3827,-0.0958,1.34%,1.44%,14.12%,-0.95%,SBH
91683,20140327,252,0.18%,-0.0007,0.7794,-0.1519,-0.3981,-0.0974,1.33%,1.44%,14.16%,0.18%,SBH
91683,20140328,252,-0.43%,-0.0007,0.7748,-0.1498,-0.4071,-0.0881,1.33%,1.44%,14.13%,-0.66%,SBH
91683,20140331,252,-0.29%,-0.0007,0.7742,-0.1662,-0.4074,-0.0913,1.34%,1.44%,13.98%,-0.90%,SBH
91683,20140401,252,0.11%,-0.0008,0.7748,-0.1686,-0.4033,-0.0985,1.34%,1.44%,13.91%,-0.52%,SBH
91683,20140402,252,0.51%,-0.0008,0.778,-0.1663,-0.3984,-0.0979,1.34%,1.44%,13.93%,0.33%,SBH
91683,20140403,252,-0.29%,-0.0007,0.7787,-0.1655,-0.3916,-0.0979,1.34%,1.44%,13.97%,0.01%,SBH
91683,20140404,252,-1.67%,-0.0008,0.7816,-0.1615,-0.4035,-0.0899,1.34%,1.44%,14.38%,-0.59%,SBH
91683,20140407,252,-2.15%,-0.0009,0.7839,-0.1656,-0.4045,-0.0725,1.34%,1.45%,14.74%,-1.31%,SBH
91683,20140408,252,2.12%,-0.0008,0.7983,-0.1611,-0.4234,-0.0972,1.34%,1.45%,14.93%,1.68%,SBH
91683,20140409,252,1.33%,-0.0008,0.7888,-0.172,-0.4247,-0.0785,1.34%,1.45%,14.87%,0.17%,SBH
91683,20140410,252,-1.61%,-0.0008,0.7859,-0.1603,-0.4142,-0.0946,1.34%,1.45%,15.18%,0.26%,SBH
91683,20140411,252,-1.23%,-0.0009,0.793,-0.1495,-0.3952,-0.1043,1.34%,1.45%,15.48%,-0.38%,SBH
91683,20140414,252,0.79%,-0.0009,0.7978,-0.1519,-0.3949,-0.1085,1.34%,1.45%,15.16%,0.22%,SBH
91683,20140415,252,-1.01%,-0.001,0.7834,-0.1328,-0.3981,-0.1106,1.34%,1.45%,14.62%,-1.46%,SBH
91683,20140416,252,-0.45%,-0.0009,0.7494,-0.1309,-0.4013,-0.0925,1.34%,1.44%,13.79%,-1.40%,SBH
91683,20140417,252,0.26%,-0.0009,0.739,-0.1183,-0.3938,-0.0888,1.34%,1.44%,13.53%,0.26%,SBH
91683,20140421,252,2.53%,-0.0008,0.7483,-0.1125,-0.4365,-0.1167,1.34%,1.44%,13.54%,2.13%,SBH
91683,20140422,252,0.88%,-0.0008,0.7511,-0.1111,-0.4451,-0.1166,1.34%,1.45%,13.68%,0.45%,SBH
91683,20140423,252,-1.46%,-0.0008,0.7468,-0.1161,-0.4894,-0.1181,1.34%,1.45%,13.75%,-0.93%,SBH
91683,20140424,252,-0.52%,-0.0008,0.7404,-0.112,-0.4827,-0.105,1.34%,1.45%,13.67%,-0.77%,SBH
91683,20140425,252,1.01%,-0.0008,0.7432,-0.1302,-0.4664,-0.1344,1.35%,1.45%,13.16%,1.84%,SBH
91683,20140428,252,0.52%,-0.0008,0.7435,-0.1313,-0.468,-0.1351,1.35%,1.45%,13.21%,-0.05%,SBH
91683,20140429,252,0.26%,-0.0008,0.7438,-0.1295,-0.4673,-0.1373,1.35%,1.45%,13.17%,-0.20%,SBH
91683,20140430,252,0.26%,-0.0008,0.7407,-0.1326,-0.4654,-0.1289,1.35%,1.45%,13.15%,0.08%,SBH
91683,20140501,252,-7.48%,-0.001,0.7345,-0.1168,-0.4229,-0.1314,1.43%,1.52%,11.54%,-7.60%,SBH
91683,20140502,252,-0.35%,-0.0011,0.7288,-0.1288,-0.4316,-0.128,1.43%,1.52%,11.38%,-0.12%,SBH
91683,20140505,252,-0.28%,-0.0011,0.7466,-0.0984,-0.417,-0.1631,1.43%,1.52%,11.51%,-0.58%,SBH
91683,20140506,252,0.56%,-0.001,0.7346,-0.1303,-0.4571,-0.1539,1.43%,1.52%,11.37%,1.27%,SBH
91683,20140507,252,-1.54%,-0.0012,0.7207,-0.117,-0.5146,-0.1616,1.42%,1.51%,11.32%,-1.47%,SBH
91683,20140508,252,0.80%,-0.0011,0.732,-0.1387,-0.5174,-0.1783,1.42%,1.51%,11.30%,0.95%,SBH
91683,20140509,252,1.27%,-0.001,0.7356,-0.1191,-0.5315,-0.196,1.42%,1.51%,11.37%,0.96%,SBH
91683,20140512,252,2.28%,-0.001,0.7415,-0.0694,-0.5256,-0.2,1.43%,1.52%,11.76%,1.58%,SBH
91683,20140513,252,-0.08%,-0.0009,0.7361,-0.0808,-0.5275,-0.1848,1.43%,1.52%,11.75%,-0.05%,SBH
91683,20140514,252,-0.12%,-0.001,0.7305,-0.0818,-0.5384,-0.187,1.43%,1.52%,11.60%,-0.06%,SBH
91683,20140515,252,0.81%,-0.0009,0.7196,-0.0596,-0.559,-0.2052,1.43%,1.51%,11.38%,1.29%,SBH
91683,20140516,252,-0.72%,-0.001,0.7097,-0.0693,-0.5356,-0.1776,1.43%,1.52%,11.25%,-1.23%,SBH
91683,20140519,252,-0.50%,-0.001,0.7161,-0.0743,-0.5374,-0.1882,1.43%,1.52%,11.23%,-0.69%,SBH
91683,20140520,252,-2.63%,-0.0011,0.7431,-0.0255,-0.5376,-0.2475,1.43%,1.52%,11.62%,-1.99%,SBH
91683,20140521,252,-1.35%,-0.0011,0.7348,-0.0037,-0.5353,-0.2607,1.44%,1.53%,11.35%,-1.82%,SBH
91683,20140522,252,0.44%,-0.0012,0.7397,0.0057,-0.5326,-0.2698,1.44%,1.53%,11.39%,0.05%,SBH
91683,20140523,252,1.04%,-0.0011,0.7425,0.0078,-0.5354,-0.2701,1.44%,1.53%,11.50%,0.66%,SBH
91683,20140527,252,0.28%,-0.0012,0.7433,0.0059,-0.5366,-0.2714,1.44%,1.53%,11.53%,-0.21%,SBH
91683,20140528,252,-0.67%,-0.0012,0.7442,0.0044,-0.5429,-0.2755,1.44%,1.53%,11.54%,-0.39%,SBH
91683,20140529,252,1.63%,-0.0011,0.7491,-0.0086,-0.5515,-0.2709,1.44%,1.53%,11.58%,1.24%,SBH
91683,20140530,252,0.27%,-0.0011,0.7513,-0.0046,-0.528,-0.2679,1.44%,1.53%,11.58%,0.37%,SBH
91683,20140602,252,-1.01%,-0.0012,0.7681,-0.0091,-0.5321,-0.281,1.44%,1.53%,11.80%,-0.78%,SBH
91683,20140603,252,0.04%,-0.0011,0.7763,-0.0056,-0.5354,-0.2954,1.44%,1.53%,11.89%,0.22%,SBH
91683,20140604,252,-1.38%,-0.0011,0.7776,-0.012,-0.5438,-0.3078,1.44%,1.53%,11.75%,-1.54%,SBH
91683,20140605,252,0.48%,-0.0011,0.7596,-0.0079,-0.5564,-0.3058,1.44%,1.53%,11.41%,-0.24%,SBH
91683,20140606,252,0.32%,-0.0011,0.7598,-0.0062,-0.5719,-0.3235,1.43%,1.52%,11.37%,-0.16%,SBH
91683,20140609,252,-0.44%,-0.0011,0.754,-0.0253,-0.5677,-0.3032,1.44%,1.52%,11.20%,-0.91%,SBH
91683,20140610,252,-0.60%,-0.0012,0.753,-0.021,-0.5634,-0.3019,1.44%,1.52%,11.18%,-0.64%,SBH
91683,20140611,252,1.04%,-0.0011,0.7537,-0.0288,-0.555,-0.2883,1.44%,1.52%,11.19%,1.20%,SBH
91683,20140612,252,-2.10%,-0.0012,0.7699,-0.0443,-0.5665,-0.2889,1.44%,1.53%,11.53%,-1.57%,SBH
91683,20140613,252,0.61%,-0.0012,0.7632,-0.0448,-0.579,-0.2911,1.44%,1.53%,11.35%,0.23%,SBH
91683,20140616,252,-0.93%,-0.0013,0.7649,-0.0477,-0.5493,-0.2867,1.44%,1.53%,11.20%,-1.36%,SBH
91683,20140617,252,1.79%,-0.0013,0.7668,-0.0091,-0.5066,-0.3011,1.45%,1.53%,11.04%,1.78%,SBH
91683,20140618,252,-0.08%,-0.0013,0.7638,-0.0018,-0.5022,-0.3009,1.45%,1.53%,10.99%,-0.68%,SBH
91683,20140619,252,-1.36%,-0.0013,0.756,0.0085,-0.4948,-0.2984,1.45%,1.53%,10.64%,-1.44%,SBH
91683,20140620,252,-1.74%,-0.0013,0.7479,0.0121,-0.4964,-0.3072,1.45%,1.53%,9.82%,-1.75%,SBH
91683,20140623,252,1.20%,-0.0013,0.7559,0.0126,-0.501,-0.3265,1.45%,1.53%,9.82%,1.19%,SBH
91683,20140624,252,1.10%,-0.0013,0.7711,0.0019,-0.4768,-0.3295,1.45%,1.53%,9.91%,1.40%,SBH
91683,20140625,252,0.48%,-0.0013,0.7606,-0.0008,-0.5553,-0.3528,1.45%,1.52%,9.99%,0.24%,SBH
91683,20140626,252,-0.68%,-0.0014,0.7537,0.039,-0.5416,-0.3778,1.44%,1.52%,9.84%,-0.49%,SBH
91683,20140627,252,1.25%,-0.0014,0.7555,0.0088,-0.5984,-0.396,1.44%,1.52%,9.91%,0.86%,SBH
91683,20140630,252,0.00%,-0.0014,0.7526,0.0272,-0.601,-0.4119,1.44%,1.51%,9.91%,0.11%,SBH
91683,20140701,252,1.79%,-0.0013,0.7612,0.0374,-0.612,-0.4215,1.44%,1.52%,10.20%,1.10%,SBH
91683,20140702,252,0.20%,-0.0013,0.7604,0.0356,-0.6134,-0.4211,1.44%,1.52%,10.18%,0.08%,SBH
91683,20140703,252,1.41%,-0.0013,0.7681,0.0408,-0.606,-0.4285,1.44%,1.52%,10.28%,1.02%,SBH
91683,20140707,252,0.77%,-0.0012,0.749,-0.0118,-0.6412,-0.4116,1.44%,1.52%,9.87%,1.46%,SBH
91683,20140708,252,0.50%,-0.0012,0.7347,-0.0221,-0.6059,-0.3891,1.44%,1.52%,9.52%,1.46%,SBH
91683,20140709,252,-1.37%,-0.0012,0.733,0.0013,-0.5886,-0.4015,1.45%,1.52%,9.41%,-1.67%,SBH
91683,20140710,252,-1.81%,-0.0012,0.7426,0.0192,-0.5834,-0.4183,1.45%,1.52%,9.57%,-1.44%,SBH
91683,20140711,252,-1.22%,-0.0013,0.7688,0.0143,-0.5982,-0.444,1.45%,1.52%,9.76%,-1.48%,SBH
91683,20140714,252,-0.52%,-0.0013,0.7678,0.0176,-0.5954,-0.4477,1.45%,1.52%,9.71%,-0.78%,SBH
91683,20140715,252,0.04%,-0.0012,0.7697,0.0224,-0.5622,-0.4508,1.45%,1.52%,9.61%,0.66%,SBH
91683,20140716,252,-1.36%,-0.0013,0.7599,0.0402,-0.5681,-0.4521,1.45%,1.53%,9.54%,-1.48%,SBH
91683,20140717,252,-2.15%,-0.0013,0.775,0.0393,-0.5714,-0.4561,1.45%,1.53%,9.95%,-1.36%,SBH
91683,20140718,252,1.37%,-0.0013,0.7803,0.0394,-0.5786,-0.4579,1.45%,1.53%,10.20%,0.46%,SBH
91683,20140721,252,-1.27%,-0.0013,0.7859,0.0445,-0.5729,-0.4666,1.45%,1.54%,10.28%,-0.93%,SBH
91683,20140722,252,0.79%,-0.0013,0.7875,0.0437,-0.579,-0.4677,1.45%,1.54%,10.36%,0.31%,SBH
91683,20140723,252,0.53%,-0.0012,0.7863,0.0606,-0.5599,-0.479,1.45%,1.53%,10.36%,0.07%,SBH
91683,20140724,252,0.98%,-0.0012,0.7861,0.0519,-0.5675,-0.4786,1.45%,1.53%,10.30%,0.91%,SBH
91683,20140725,252,-0.89%,-0.0012,0.7885,0.0541,-0.5693,-0.4813,1.45%,1.53%,10.36%,-0.47%,SBH
91683,20140728,252,-0.41%,-0.0012,0.7872,0.0701,-0.5572,-0.4848,1.45%,1.53%,10.38%,-0.27%,SBH
91683,20140729,252,3.69%,-0.001,0.7741,0.1198,-0.6294,-0.5332,1.47%,1.55%,10.48%,3.40%,SBH
91683,20140730,252,0.59%,-0.0011,0.775,0.1266,-0.5932,-0.5315,1.46%,1.54%,10.39%,0.20%,SBH
91683,20140731,252,1.96%,-0.0009,0.6926,0.1719,-0.5343,-0.5008,1.48%,1.55%,8.97%,3.47%,SBH
91683,20140801,252,-0.27%,-0.0005,0.8411,0.0966,-0.4671,-0.4509,1.24%,1.35%,15.71%,0.11%,SBH
91683,20140804,252,1.39%,-0.0006,0.8538,0.131,-0.43,-0.4854,1.22%,1.34%,16.18%,0.91%,SBH
91683,20140805,252,-1.14%,-0.0006,0.8596,0.1302,-0.4321,-0.4893,1.22%,1.34%,16.40%,-0.77%,SBH
91683,20140806,252,0.69%,-0.0006,0.8631,0.1392,-0.4259,-0.4986,1.22%,1.34%,16.43%,0.43%,SBH
91683,20140807,252,-0.50%,-0.0005,0.8624,0.1361,-0.4306,-0.5034,1.22%,1.34%,16.41%,-0.05%,SBH
91683,20140808,252,1.04%,-0.0005,0.8618,0.1354,-0.4318,-0.5033,1.22%,1.34%,16.55%,0.05%,SBH
91683,20140811,252,0.80%,-0.0006,0.8695,0.1375,-0.4282,-0.5121,1.22%,1.34%,16.76%,0.25%,SBH
91683,20140812,252,-0.98%,-0.0006,0.8709,0.1433,-0.4301,-0.5165,1.22%,1.34%,16.86%,-0.62%,SBH
91683,20140813,252,-0.69%,-0.0007,0.8672,0.1648,-0.4165,-0.5311,1.22%,1.34%,16.77%,-0.97%,SBH
91683,20140814,252,1.50%,-0.0006,0.8748,0.1672,-0.4128,-0.5465,1.22%,1.34%,16.83%,1.01%,SBH
91683,20140815,252,-1.02%,-0.0006,0.868,0.1782,-0.4045,-0.5612,1.22%,1.33%,16.34%,-0.85%,SBH
91683,20140818,252,1.26%,-0.0005,0.8658,0.183,-0.4,-0.5558,1.22%,1.33%,16.45%,0.34%,SBH
91683,20140819,252,0.30%,-0.0006,0.8718,0.1951,-0.3617,-0.5534,1.22%,1.33%,16.59%,-0.16%,SBH
91683,20140820,252,0.98%,-0.0005,0.8743,0.1869,-0.3508,-0.5455,1.22%,1.33%,16.51%,1.06%,SBH
91683,20140821,252,2.83%,-0.0005,0.8952,0.2155,-0.2609,-0.5701,1.23%,1.35%,16.33%,2.70%,SBH
91683,20140822,252,-0.40%,-0.0004,0.9061,0.2291,-0.2397,-0.5724,1.23%,1.34%,16.68%,-0.42%,SBH
91683,20140825,252,0.62%,-0.0004,0.9134,0.2221,-0.2469,-0.579,1.23%,1.35%,16.78%,0.39%,SBH
91683,20140826,252,-0.25%,-0.0004,0.9087,0.2123,-0.2455,-0.5659,1.23%,1.35%,16.65%,-0.80%,SBH
91683,20140827,252,1.31%,-0.0003,0.9016,0.203,-0.2497,-0.5603,1.23%,1.34%,16.07%,1.43%,SBH
91683,20140828,252,0.82%,-0.0003,0.8972,0.1928,-0.2513,-0.5513,1.23%,1.34%,15.89%,1.13%,SBH
91683,20140829,252,-0.99%,-0.0003,0.8941,0.1819,-0.262,-0.5488,1.24%,1.35%,15.71%,-1.34%,SBH
91683,20140902,252,0.36%,-0.0003,0.8916,0.1986,-0.2468,-0.5448,1.24%,1.35%,15.74%,0.36%,SBH
91683,20140903,252,-0.57%,-0.0003,0.8904,0.201,-0.245,-0.5405,1.24%,1.35%,15.76%,-0.36%,SBH
91683,20140904,252,1.08%,-0.0003,0.8986,0.1895,-0.2628,-0.5445,1.24%,1.35%,15.94%,1.03%,SBH
91683,20140905,252,-0.18%,-0.0002,0.8975,0.1995,-0.2481,-0.545,1.24%,1.35%,15.93%,-0.39%,SBH
91683,20140908,252,-1.35%,-0.0003,0.9089,0.1927,-0.2353,-0.5549,1.24%,1.35%,16.00%,-1.28%,SBH
91683,20140909,252,-0.87%,-0.0003,0.9089,0.1927,-0.2351,-0.5549,1.24%,1.35%,15.93%,-0.05%,SBH
91683,20140910,252,-1.79%,-0.0003,0.8959,0.194,-0.1927,-0.5254,1.24%,1.35%,15.42%,-2.33%,SBH
91683,20140911,252,1.00%,-0.0003,0.8992,0.2036,-0.1826,-0.5315,1.25%,1.35%,15.51%,0.71%,SBH
91683,20140912,252,3.38%,-0.0001,0.8866,0.21,-0.1729,-0.5458,1.27%,1.37%,14.56%,3.73%,SBH
91683,20140915,252,-1.24%,-0.0002,0.8865,0.2186,-0.184,-0.552,1.27%,1.37%,14.71%,-0.73%,SBH
91683,20140916,252,0.43%,-0.0002,0.8809,0.2274,-0.2108,-0.565,1.26%,1.37%,14.79%,0.24%,SBH
91683,20140917,252,0.54%,-0.0002,0.879,0.2231,-0.2143,-0.5624,1.26%,1.37%,14.69%,0.38%,SBH
91683,20140918,252,-0.75%,-0.0003,0.8655,0.2266,-0.2075,-0.5483,1.26%,1.36%,14.13%,-1.15%,SBH
91683,20140919,252,0.36%,-0.0003,0.867,0.2117,-0.1997,-0.5405,1.26%,1.36%,14.04%,0.75%,SBH
91683,20140922,252,-0.18%,-0.0002,0.8525,0.2075,-0.1971,-0.5239,1.27%,1.36%,13.79%,0.79%,SBH
91683,20140923,252,-1.29%,-0.0003,0.8608,0.2038,-0.1849,-0.5219,1.27%,1.37%,14.05%,-0.56%,SBH
91683,20140924,252,0.87%,-0.0003,0.86,0.2042,-0.1871,-0.5204,1.27%,1.37%,14.14%,0.08%,SBH
91683,20140925,252,-1.30%,-0.0002,0.8412,0.2252,-0.1236,-0.4835,1.26%,1.36%,14.22%,-0.01%,SBH
91683,20140926,252,0.47%,-0.0002,0.8413,0.2251,-0.1229,-0.4833,1.26%,1.36%,14.24%,0.01%,SBH
91683,20140929,252,-0.07%,-0.0002,0.8422,0.2251,-0.1248,-0.4853,1.26%,1.36%,14.21%,0.08%,SBH
91683,20140930,252,-0.62%,-0.0002,0.8378,0.2318,-0.1194,-0.481,1.26%,1.36%,14.19%,-0.11%,SBH
91683,20141001,252,-0.07%,-0.0001,0.8167,0.2382,-0.1076,-0.4701,1.26%,1.36%,13.81%,1.00%,SBH
91683,20141002,252,1.50%,-0.0001,0.8179,0.2677,-0.1036,-0.4863,1.26%,1.36%,14.08%,0.98%,SBH
91683,20141003,252,1.80%,-0.0001,0.8428,0.2403,-0.1376,-0.4969,1.26%,1.36%,14.50%,1.22%,SBH
91683,20141006,252,-0.53%,-0.0001,0.8464,0.2403,-0.1265,-0.4844,1.26%,1.36%,14.73%,-0.23%,SBH
91683,20141007,252,-0.89%,0,0.8303,0.2432,-0.128,-0.4773,1.26%,1.36%,14.67%,0.52%,SBH
91683,20141008,252,0.54%,0,0.808,0.2581,-0.103,-0.4795,1.26%,1.36%,14.17%,-0.75%,SBH
91683,20141009,252,-1.61%,0,0.802,0.2568,-0.0935,-0.4723,1.26%,1.36%,14.64%,0.23%,SBH
91683,20141010,252,0.51%,0.0001,0.7815,0.2736,-0.0595,-0.4601,1.26%,1.36%,13.97%,1.45%,SBH
91683,20141013,252,-1.23%,0,0.7913,0.2322,-0.0896,-0.4496,1.26%,1.36%,14.00%,-0.76%,SBH
91683,20141014,252,1.46%,0.0001,0.7982,0.2455,-0.0921,-0.4718,1.26%,1.36%,14.27%,0.67%,SBH
91683,20141015,252,0.29%,0.0001,0.7797,0.2387,-0.0839,-0.4443,1.26%,1.35%,13.85%,-0.19%,SBH
91683,20141016,252,1.26%,0.0002,0.7789,0.2586,-0.0717,-0.4534,1.26%,1.36%,13.88%,0.71%,SBH
91683,20141017,252,0.85%,0.0001,0.7788,0.2271,-0.0895,-0.4358,1.26%,1.35%,13.70%,0.84%,SBH
91683,20141020,252,2.92%,0.0002,0.8036,0.224,-0.1133,-0.4614,1.26%,1.37%,14.28%,2.13%,SBH
91683,20141021,252,0.14%,0.0002,0.7744,0.2391,-0.1098,-0.4437,1.27%,1.37%,13.97%,-1.24%,SBH
91683,20141022,252,-0.82%,0.0002,0.7621,0.2399,-0.1043,-0.4229,1.27%,1.36%,13.96%,0.34%,SBH
91683,20141023,252,0.07%,0.0002,0.7471,0.2385,-0.0953,-0.4103,1.27%,1.36%,13.71%,-1.05%,SBH
91683,20141024,252,-0.03%,0.0001,0.7467,0.2379,-0.0942,-0.4098,1.27%,1.36%,13.67%,0.01%,SBH
91683,20141027,252,0.38%,0.0002,0.7464,0.2354,-0.0977,-0.4084,1.27%,1.36%,13.66%,0.60%,SBH
91683,20141028,252,0.48%,0.0002,0.7399,0.2069,-0.1221,-0.4087,1.27%,1.36%,13.63%,-1.04%,SBH
91683,20141029,252,-0.41%,0.0002,0.7436,0.2023,-0.1277,-0.409,1.27%,1.36%,13.75%,-0.11%,SBH
91683,20141030,252,0.17%,0.0002,0.7426,0.2082,-0.1282,-0.4035,1.26%,1.36%,13.86%,-0.39%,SBH
91683,20141031,252,0.21%,0.0001,0.7358,0.2067,-0.1305,-0.4,1.27%,1.36%,13.78%,-0.75%,SBH
91683,20141103,252,-0.34%,0.0002,0.7419,0.1937,-0.1291,-0.4031,1.26%,1.36%,13.84%,-0.15%,SBH
91683,20141104,252,-2.43%,0.0001,0.7615,0.1916,-0.1324,-0.4382,1.27%,1.37%,14.08%,-1.97%,SBH
91683,20141105,252,2.04%,0.0001,0.7745,0.1918,-0.0813,-0.4387,1.27%,1.37%,14.09%,1.79%,SBH
91683,20141106,252,1.20%,0.0002,0.7754,0.1886,-0.0955,-0.4379,1.27%,1.38%,14.11%,0.86%,SBH
91683,20141107,252,-1.12%,0.0001,0.7588,0.1799,-0.1123,-0.4049,1.28%,1.38%,13.68%,-1.56%,SBH
91683,20141110,252,-1.44%,0,0.7634,0.1792,-0.1071,-0.4319,1.28%,1.38%,13.45%,-1.53%,SBH
91683,20141111,252,-0.07%,-0.0001,0.7694,0.1834,-0.0941,-0.4498,1.26%,1.36%,13.93%,-0.33%,SBH
91683,20141112,252,2.48%,-0.0001,0.7712,0.2086,-0.0879,-0.4645,1.27%,1.36%,14.05%,2.16%,SBH
91683,20141113,252,3.58%,0.0001,0.7611,0.1303,-0.173,-0.4397,1.29%,1.38%,13.04%,3.94%,SBH
91683,20141114,252,-0.62%,0.0001,0.7634,0.1208,-0.1598,-0.423,1.29%,1.38%,13.08%,-0.97%,SBH
91683,20141117,252,-1.59%,0,0.7671,0.1363,-0.1653,-0.4444,1.29%,1.38%,13.24%,-1.14%,SBH
91683,20141118,252,0.20%,0,0.7653,0.1371,-0.1679,-0.4353,1.29%,1.38%,13.28%,0.03%,SBH
91683,20141119,252,1.81%,0,0.7647,0.1044,-0.1989,-0.4318,1.29%,1.39%,13.02%,2.06%,SBH
91683,20141120,252,1.35%,0.0001,0.7718,0.1121,-0.1995,-0.4497,1.29%,1.39%,13.24%,0.70%,SBH
91683,20141121,252,1.07%,0.0001,0.7776,0.1015,-0.2138,-0.4667,1.29%,1.39%,13.29%,0.56%,SBH
91683,20141124,252,0.32%,0,0.7768,0.0995,-0.2242,-0.4792,1.29%,1.39%,13.30%,-0.15%,SBH
91683,20141125,252,0.22%,0,0.7737,0.1024,-0.2197,-0.4736,1.29%,1.39%,13.26%,0.50%,SBH
91683,20141126,252,-0.54%,0,0.7754,0.1051,-0.2172,-0.4807,1.29%,1.39%,13.28%,-0.43%,SBH
91683,20141128,252,1.80%,0.0001,0.7454,0.0473,-0.3125,-0.422,1.30%,1.39%,12.62%,2.54%,SBH
91683,20141201,252,-2.24%,0.0001,0.7591,0.0558,-0.3424,-0.4556,1.30%,1.40%,13.32%,-1.20%,SBH
91683,20141202,252,-1.20%,0,0.7616,0.044,-0.3658,-0.4807,1.31%,1.40%,13.19%,-1.33%,SBH
91683,20141203,252,0.23%,0,0.7619,0.0412,-0.3763,-0.4914,1.30%,1.40%,13.22%,-0.13%,SBH
91683,20141204,252,0.10%,0.0001,0.7553,0.0405,-0.3708,-0.473,1.31%,1.40%,13.13%,0.73%,SBH
91683,20141205,252,0.36%,0.0001,0.7462,0.0528,-0.3722,-0.4629,1.30%,1.40%,13.08%,0.44%,SBH
91683,20141208,252,-0.49%,0.0001,0.731,0.0537,-0.3597,-0.4339,1.31%,1.40%,12.94%,0.78%,SBH
91683,20141209,252,0.33%,0.0002,0.7348,0.0451,-0.365,-0.4391,1.30%,1.40%,13.00%,-0.13%,SBH
91683,20141210,252,-0.26%,0.0003,0.7022,0.0364,-0.3622,-0.3961,1.30%,1.40%,12.52%,1.28%,SBH
91683,20141211,252,1.53%,0.0003,0.7135,0.033,-0.3648,-0.395,1.31%,1.40%,12.76%,1.20%,SBH
91683,20141212,252,-0.87%,0.0002,0.7277,0.0133,-0.4002,-0.4278,1.30%,1.40%,13.22%,0.02%,SBH
91683,20141215,252,-1.85%,0.0001,0.74,0.0088,-0.4112,-0.4463,1.30%,1.40%,13.57%,-1.24%,SBH
91683,20141216,252,0.03%,0.0002,0.7382,0.0228,-0.3961,-0.4488,1.30%,1.40%,13.55%,0.59%,SBH
91683,20141217,252,2.11%,0,0.7553,0.0121,-0.3772,-0.4487,1.28%,1.39%,14.98%,0.17%,SBH
91683,20141218,252,0.03%,-0.0001,0.6774,0.0788,-0.3495,-0.4077,1.27%,1.37%,13.62%,-1.70%,SBH
91683,20141219,252,0.00%,-0.0001,0.6701,0.0855,-0.3458,-0.3909,1.27%,1.37%,13.57%,-0.63%,SBH
91683,20141222,252,0.94%,-0.0001,0.6706,0.0982,-0.3391,-0.3852,1.27%,1.37%,13.68%,0.74%,SBH
91683,20141223,252,-0.16%,-0.0001,0.6735,0.1037,-0.3445,-0.3883,1.27%,1.37%,13.85%,-0.28%,SBH
91683,20141224,252,-0.93%,-0.0001,0.6796,0.0994,-0.3475,-0.4033,1.27%,1.37%,13.93%,-0.79%,SBH
91683,20141226,252,-0.49%,-0.0001,0.675,0.1051,-0.3293,-0.3986,1.27%,1.37%,13.75%,-0.87%,SBH
91683,20141229,252,1.01%,-0.0001,0.6785,0.1137,-0.3068,-0.4052,1.27%,1.37%,13.75%,1.02%,SBH
91683,20141230,252,0.00%,-0.0001,0.6765,0.1167,-0.2997,-0.4024,1.27%,1.37%,13.71%,0.39%,SBH
91683,20141231,252,-1.00%,-0.0001,0.6815,0.1127,-0.2887,-0.3959,1.27%,1.37%,13.76%,-0.74%,SBH
